image_path,accuracy
America-Ferrera/001.jpg,0.8220000267028809
America-Ferrera/002.jpg,0.8220000267028809
America-Ferrera/003.jpg,0.8220000267028809
America-Ferrera/004.jpg,0.8220000267028809
America-Ferrera/005.jpg,0.8220000267028809
America-Ferrera/006.jpg,0.8220000267028809
America-Ferrera/007.jpg,0.8220000267028809
America-Ferrera/008.jpg,0.8220000267028809
America-Ferrera/009.jpg,0.8220000267028809
America-Ferrera/010.jpg,0.8220000267028809
America-Ferrera/011.jpg,0.8220000267028809
America-Ferrera/012.jpg,0.8220000267028809
America-Ferrera/013.jpg,0.8220000267028809
America-Ferrera/014.jpg,0.8220000267028809
America-Ferrera/015.jpg,0.8220000267028809
America-Ferrera/016.jpg,0.8220000267028809
America-Ferrera/017.jpg,0.8220000267028809
America-Ferrera/018.jpg,0.8220000267028809
America-Ferrera/019.jpg,0.8220000267028809
America-Ferrera/020.jpg,0.8220000267028809
America-Ferrera/021.jpg,0.8220000267028809
America-Ferrera/022.jpg,0.8220000267028809
America-Ferrera/023.jpg,0.8220000267028809
America-Ferrera/024.jpg,0.8220000267028809
America-Ferrera/025.jpg,0.8220000267028809
America-Ferrera/026.jpg,0.8220000267028809
America-Ferrera/027.jpg,0.8220000267028809
America-Ferrera/028.jpg,0.8220000267028809
America-Ferrera/029.jpg,0.8220000267028809
America-Ferrera/030.jpg,0.8220000267028809
America-Ferrera/031.jpg,0.8220000267028809
America-Ferrera/032.jpg,0.8220000267028809
America-Ferrera/033.jpg,0.8220000267028809
America-Ferrera/034.jpg,0.8220000267028809
America-Ferrera/035.jpg,0.8220000267028809
America-Ferrera/036.jpg,0.8220000267028809
America-Ferrera/037.jpg,0.8220000267028809
America-Ferrera/038.jpg,0.8220000267028809
America-Ferrera/039.jpg,0.8220000267028809
America-Ferrera/040.jpg,0.8220000267028809
America-Ferrera/041.jpg,0.8220000267028809
America-Ferrera/042.jpg,0.8220000267028809
America-Ferrera/043.jpg,0.8220000267028809
America-Ferrera/044.jpg,0.8220000267028809
America-Ferrera/045.jpg,0.8220000267028809
America-Ferrera/046.jpg,0.8220000267028809
America-Ferrera/047.jpg,0.8220000267028809
America-Ferrera/048.jpg,0.8220000267028809
America-Ferrera/049.jpg,0.8220000267028809
America-Ferrera/050.jpg,0.8220000267028809
America-Ferrera/051.jpg,0.8220000267028809
America-Ferrera/052.jpg,0.8220000267028809
America-Ferrera/053.jpg,0.8220000267028809
America-Ferrera/054.jpg,0.8220000267028809
America-Ferrera/055.jpg,0.8220000267028809
America-Ferrera/056.jpg,0.8220000267028809
America-Ferrera/057.jpg,0.8220000267028809
America-Ferrera/058.jpg,0.8220000267028809
America-Ferrera/059.jpg,0.8220000267028809
America-Ferrera/060.jpg,0.8220000267028809
America-Ferrera/061.jpg,0.8220000267028809
America-Ferrera/062.jpg,0.8220000267028809
America-Ferrera/063.jpg,0.8220000267028809
America-Ferrera/064.jpg,0.8220000267028809
America-Ferrera/065.jpg,0.8220000267028809
America-Ferrera/066.jpg,0.8220000267028809
America-Ferrera/067.jpg,0.8220000267028809
America-Ferrera/068.jpg,0.8220000267028809
America-Ferrera/069.jpg,0.8220000267028809
America-Ferrera/070.jpg,0.8220000267028809
America-Ferrera/071.jpg,0.8220000267028809
America-Ferrera/072.jpg,0.8220000267028809
America-Ferrera/073.jpg,0.8220000267028809
America-Ferrera/074.jpg,0.8220000267028809
America-Ferrera/075.jpg,0.8220000267028809
America-Ferrera/076.jpg,0.8220000267028809
America-Ferrera/077.jpg,0.8220000267028809
America-Ferrera/078.jpg,0.8220000267028809
America-Ferrera/079.jpg,0.8220000267028809
America-Ferrera/080.jpg,0.8220000267028809
Angelina-Jolie/001.jpg,0.8220000267028809
Angelina-Jolie/002.jpg,0.8220000267028809
Angelina-Jolie/003.jpg,0.8220000267028809
Angelina-Jolie/004.jpg,0.8220000267028809
Angelina-Jolie/005.jpg,0.8220000267028809
Angelina-Jolie/006.jpg,0.8220000267028809
Angelina-Jolie/007.jpg,0.8220000267028809
Angelina-Jolie/008.jpg,0.8220000267028809
Angelina-Jolie/009.jpg,0.8220000267028809
Angelina-Jolie/010.jpg,0.8220000267028809
Angelina-Jolie/011.jpg,0.8220000267028809
Angelina-Jolie/012.jpg,0.8220000267028809
Angelina-Jolie/013.jpg,0.8220000267028809
Angelina-Jolie/014.jpg,0.8220000267028809
Angelina-Jolie/015.jpg,0.8220000267028809
Angelina-Jolie/016.jpg,0.8220000267028809
Angelina-Jolie/017.jpg,0.8220000267028809
Angelina-Jolie/018.jpg,0.8220000267028809
Angelina-Jolie/019.jpg,0.8220000267028809
Angelina-Jolie/020.jpg,0.8220000267028809
Angelina-Jolie/021.jpg,0.8220000267028809
Angelina-Jolie/022.jpg,0.8220000267028809
Angelina-Jolie/023.jpg,0.8220000267028809
Angelina-Jolie/024.jpg,0.8220000267028809
Angelina-Jolie/025.jpg,0.8220000267028809
Angelina-Jolie/026.jpg,0.8220000267028809
Angelina-Jolie/027.jpg,0.8220000267028809
Angelina-Jolie/028.jpg,0.8220000267028809
Angelina-Jolie/029.jpg,0.8220000267028809
Angelina-Jolie/030.jpg,0.8220000267028809
Angelina-Jolie/031.jpg,0.8220000267028809
Angelina-Jolie/032.jpg,0.8220000267028809
Angelina-Jolie/033.jpg,0.8220000267028809
Angelina-Jolie/034.jpg,0.8220000267028809
Angelina-Jolie/035.jpg,0.8220000267028809
Angelina-Jolie/036.jpg,0.8220000267028809
Angelina-Jolie/037.jpg,0.8220000267028809
Angelina-Jolie/038.jpg,0.8220000267028809
Angelina-Jolie/039.jpg,0.8220000267028809
Angelina-Jolie/040.jpg,0.8220000267028809
Angelina-Jolie/041.jpg,0.8220000267028809
Angelina-Jolie/042.jpg,0.8220000267028809
Angelina-Jolie/043.jpg,0.8220000267028809
Angelina-Jolie/044.jpg,0.8220000267028809
Angelina-Jolie/045.jpg,0.8220000267028809
Angelina-Jolie/046.jpg,0.8220000267028809
Angelina-Jolie/047.jpg,0.8220000267028809
Angelina-Jolie/048.jpg,0.8220000267028809
Angelina-Jolie/049.jpg,0.8220000267028809
Angelina-Jolie/050.jpg,0.8220000267028809
Angelina-Jolie/051.jpg,0.8220000267028809
Angelina-Jolie/052.jpg,0.8220000267028809
Angelina-Jolie/053.jpg,0.8220000267028809
Angelina-Jolie/054.jpg,0.8220000267028809
Angelina-Jolie/055.jpg,0.8220000267028809
Angelina-Jolie/056.jpg,0.8220000267028809
Angelina-Jolie/057.jpg,0.8220000267028809
Angelina-Jolie/058.jpg,0.8220000267028809
Angelina-Jolie/059.jpg,0.8220000267028809
Angelina-Jolie/060.jpg,0.8220000267028809
Angelina-Jolie/061.jpg,0.8220000267028809
Angelina-Jolie/062.jpg,0.8220000267028809
Angelina-Jolie/063.jpg,0.8220000267028809
Angelina-Jolie/064.jpg,0.8220000267028809
Angelina-Jolie/065.jpg,0.8220000267028809
Angelina-Jolie/066.jpg,0.8220000267028809
Angelina-Jolie/067.jpg,0.8220000267028809
Angelina-Jolie/068.jpg,0.8220000267028809
Angelina-Jolie/069.jpg,0.8220000267028809
Angelina-Jolie/070.jpg,0.8220000267028809
Angelina-Jolie/071.jpg,0.8220000267028809
Angelina-Jolie/072.jpg,0.8220000267028809
Angelina-Jolie/073.jpg,0.8220000267028809
Angelina-Jolie/074.jpg,0.8220000267028809
Angelina-Jolie/075.jpg,0.8220000267028809
Angelina-Jolie/076.jpg,0.8220000267028809
Angelina-Jolie/077.jpg,0.8220000267028809
Angelina-Jolie/078.jpg,0.8220000267028809
Angelina-Jolie/079.jpg,0.8220000267028809
Angelina-Jolie/080.jpg,0.8220000267028809
Ayo-Edebiri/001.jpg,0.8220000267028809
Ayo-Edebiri/002.jpg,0.8220000267028809
Ayo-Edebiri/003.jpg,0.8220000267028809
Ayo-Edebiri/004.jpg,0.8220000267028809
Ayo-Edebiri/005.jpg,0.8220000267028809
Ayo-Edebiri/006.jpg,0.8220000267028809
Ayo-Edebiri/007.jpg,0.8220000267028809
Ayo-Edebiri/008.jpg,0.8220000267028809
Ayo-Edebiri/009.jpg,0.8220000267028809
Ayo-Edebiri/010.jpg,0.8220000267028809
Ayo-Edebiri/011.jpg,0.8220000267028809
Ayo-Edebiri/012.jpg,0.8220000267028809
Ayo-Edebiri/013.jpg,0.8220000267028809
Ayo-Edebiri/014.jpg,0.8220000267028809
Ayo-Edebiri/015.jpg,0.8220000267028809
Ayo-Edebiri/016.jpg,0.8220000267028809
Ayo-Edebiri/017.jpg,0.8220000267028809
Ayo-Edebiri/018.jpg,0.8220000267028809
Ayo-Edebiri/019.jpg,0.8220000267028809
Ayo-Edebiri/020.jpg,0.8220000267028809
Ayo-Edebiri/021.jpg,0.8220000267028809
Ayo-Edebiri/022.jpg,0.8220000267028809
Ayo-Edebiri/023.jpg,0.8220000267028809
Ayo-Edebiri/024.jpg,0.8220000267028809
Ayo-Edebiri/025.jpg,0.8220000267028809
Ayo-Edebiri/026.jpg,0.8220000267028809
Ayo-Edebiri/027.jpg,0.8220000267028809
Ayo-Edebiri/028.jpg,0.8220000267028809
Ayo-Edebiri/029.jpg,0.8220000267028809
Ayo-Edebiri/030.jpg,0.8220000267028809
Ayo-Edebiri/031.jpg,0.8220000267028809
Ayo-Edebiri/032.jpg,0.8220000267028809
Ayo-Edebiri/033.jpg,0.8220000267028809
Ayo-Edebiri/034.jpg,0.8220000267028809
Ayo-Edebiri/035.jpg,0.8220000267028809
Ayo-Edebiri/036.jpg,0.8220000267028809
Ayo-Edebiri/037.jpg,0.8220000267028809
Ayo-Edebiri/038.jpg,0.8220000267028809
Ayo-Edebiri/039.jpg,0.8220000267028809
Ayo-Edebiri/040.jpg,0.8220000267028809
Ayo-Edebiri/041.jpg,0.8220000267028809
Ayo-Edebiri/042.jpg,0.8220000267028809
Ayo-Edebiri/043.jpg,0.8220000267028809
Ayo-Edebiri/044.jpg,0.8220000267028809
Ayo-Edebiri/045.jpg,0.8220000267028809
Ayo-Edebiri/046.jpg,0.8220000267028809
Ayo-Edebiri/047.jpg,0.8220000267028809
Ayo-Edebiri/048.jpg,0.8220000267028809
Ayo-Edebiri/049.jpg,0.8220000267028809
Ayo-Edebiri/050.jpg,0.8220000267028809
Ayo-Edebiri/051.jpg,0.8220000267028809
Ayo-Edebiri/052.jpg,0.8220000267028809
Ayo-Edebiri/053.jpg,0.8220000267028809
Ayo-Edebiri/054.jpg,0.8220000267028809
Ayo-Edebiri/055.jpg,0.8220000267028809
Ayo-Edebiri/056.jpg,0.8220000267028809
Ayo-Edebiri/057.jpg,0.8220000267028809
Ayo-Edebiri/058.jpg,0.8220000267028809
Ayo-Edebiri/059.jpg,0.8220000267028809
Ayo-Edebiri/060.jpg,0.8220000267028809
Ayo-Edebiri/061.jpg,0.8220000267028809
Ayo-Edebiri/062.jpg,0.8220000267028809
Ayo-Edebiri/063.jpg,0.8220000267028809
Ayo-Edebiri/064.jpg,0.8220000267028809
Ayo-Edebiri/065.jpg,0.8220000267028809
Ayo-Edebiri/066.jpg,0.8220000267028809
Ayo-Edebiri/067.jpg,0.8220000267028809
Ayo-Edebiri/068.jpg,0.8220000267028809
Ayo-Edebiri/069.jpg,0.8220000267028809
Ayo-Edebiri/070.jpg,0.8220000267028809
Ayo-Edebiri/071.jpg,0.8220000267028809
Ayo-Edebiri/072.jpg,0.8220000267028809
Ayo-Edebiri/073.jpg,0.8220000267028809
Ayo-Edebiri/074.jpg,0.8220000267028809
Ayo-Edebiri/075.jpg,0.8220000267028809
Ayo-Edebiri/076.jpg,0.8220000267028809
Ayo-Edebiri/077.jpg,0.8220000267028809
Ayo-Edebiri/078.jpg,0.8220000267028809
Ayo-Edebiri/079.jpg,0.8220000267028809
Ayo-Edebiri/080.jpg,0.8220000267028809
Conan-OBrien/001.jpg,0.8220000267028809
Conan-OBrien/002.jpg,0.8220000267028809
Conan-OBrien/003.jpg,0.8220000267028809
Conan-OBrien/004.jpg,0.8220000267028809
Conan-OBrien/005.jpg,0.8220000267028809
Conan-OBrien/006.jpg,0.8220000267028809
Conan-OBrien/007.jpg,0.8220000267028809
Conan-OBrien/008.jpg,0.8220000267028809
Conan-OBrien/009.jpg,0.8220000267028809
Conan-OBrien/010.jpg,0.8220000267028809
Conan-OBrien/011.jpg,0.8220000267028809
Conan-OBrien/012.jpg,0.8220000267028809
Conan-OBrien/013.jpg,0.8220000267028809
Conan-OBrien/014.jpg,0.8220000267028809
Conan-OBrien/015.jpg,0.8220000267028809
Conan-OBrien/016.jpg,0.8220000267028809
Conan-OBrien/017.jpg,0.8220000267028809
Conan-OBrien/018.jpg,0.8220000267028809
Conan-OBrien/019.jpg,0.8220000267028809
Conan-OBrien/020.jpg,0.8220000267028809
Conan-OBrien/021.jpg,0.8220000267028809
Conan-OBrien/022.jpg,0.8220000267028809
Conan-OBrien/023.jpg,0.8220000267028809
Conan-OBrien/024.jpg,0.8220000267028809
Conan-OBrien/025.jpg,0.8220000267028809
Conan-OBrien/026.jpg,0.8220000267028809
Conan-OBrien/027.jpg,0.8220000267028809
Conan-OBrien/028.jpg,0.8220000267028809
Conan-OBrien/029.jpg,0.8220000267028809
Conan-OBrien/030.jpg,0.8220000267028809
Conan-OBrien/031.jpg,0.8220000267028809
Conan-OBrien/032.jpg,0.8220000267028809
Conan-OBrien/033.jpg,0.8220000267028809
Conan-OBrien/034.jpg,0.8220000267028809
Conan-OBrien/035.jpg,0.8220000267028809
Conan-OBrien/036.jpg,0.8220000267028809
Conan-OBrien/037.jpg,0.8220000267028809
Conan-OBrien/038.jpg,0.8220000267028809
Conan-OBrien/039.jpg,0.8220000267028809
Conan-OBrien/040.jpg,0.8220000267028809
Conan-OBrien/041.jpg,0.8220000267028809
Conan-OBrien/042.jpg,0.8220000267028809
Conan-OBrien/043.jpg,0.8220000267028809
Conan-OBrien/044.jpg,0.8220000267028809
Conan-OBrien/045.jpg,0.8220000267028809
Conan-OBrien/046.jpg,0.8220000267028809
Conan-OBrien/047.jpg,0.8220000267028809
Conan-OBrien/048.jpg,0.8220000267028809
Conan-OBrien/049.jpg,0.8220000267028809
Conan-OBrien/050.jpg,0.8220000267028809
Conan-OBrien/051.jpg,0.8220000267028809
Conan-OBrien/052.jpg,0.8220000267028809
Conan-OBrien/053.jpg,0.8220000267028809
Conan-OBrien/054.jpg,0.8220000267028809
Conan-OBrien/055.jpg,0.8220000267028809
Conan-OBrien/056.jpg,0.8220000267028809
Conan-OBrien/057.jpg,0.8220000267028809
Conan-OBrien/058.jpg,0.8220000267028809
Conan-OBrien/059.jpg,0.8220000267028809
Conan-OBrien/060.jpg,0.8220000267028809
Conan-OBrien/061.jpg,0.8220000267028809
Conan-OBrien/062.jpg,0.8220000267028809
Conan-OBrien/063.jpg,0.8220000267028809
Conan-OBrien/064.jpg,0.8220000267028809
Conan-OBrien/065.jpg,0.8220000267028809
Conan-OBrien/066.jpg,0.8220000267028809
Conan-OBrien/067.jpg,0.8220000267028809
Conan-OBrien/068.jpg,0.8220000267028809
Conan-OBrien/069.jpg,0.8220000267028809
Conan-OBrien/070.jpg,0.8220000267028809
Conan-OBrien/071.jpg,0.8220000267028809
Conan-OBrien/072.jpg,0.8220000267028809
Conan-OBrien/073.jpg,0.8220000267028809
Conan-OBrien/074.jpg,0.8220000267028809
Conan-OBrien/075.jpg,0.8220000267028809
Conan-OBrien/076.jpg,0.8220000267028809
Conan-OBrien/077.jpg,0.8220000267028809
Conan-OBrien/078.jpg,0.8220000267028809
Conan-OBrien/079.jpg,0.8220000267028809
Conan-OBrien/080.jpg,0.8220000267028809
Danny-Pudi/001.jpg,0.8220000267028809
Danny-Pudi/002.jpg,0.8220000267028809
Danny-Pudi/003.jpg,0.8220000267028809
Danny-Pudi/004.jpg,0.8220000267028809
Danny-Pudi/005.jpg,0.8220000267028809
Danny-Pudi/006.jpg,0.8220000267028809
Danny-Pudi/007.jpg,0.8220000267028809
Danny-Pudi/008.jpg,0.8220000267028809
Danny-Pudi/009.jpg,0.8220000267028809
Danny-Pudi/010.jpg,0.8220000267028809
Danny-Pudi/011.jpg,0.8220000267028809
Danny-Pudi/012.jpg,0.8220000267028809
Danny-Pudi/013.jpg,0.8220000267028809
Danny-Pudi/014.jpg,0.8220000267028809
Danny-Pudi/015.jpg,0.8220000267028809
Danny-Pudi/016.jpg,0.8220000267028809
Danny-Pudi/017.jpg,0.8220000267028809
Danny-Pudi/018.jpg,0.8220000267028809
Danny-Pudi/019.jpg,0.8220000267028809
Danny-Pudi/020.jpg,0.8220000267028809
Danny-Pudi/021.jpg,0.8220000267028809
Danny-Pudi/022.jpg,0.8220000267028809
Danny-Pudi/023.jpg,0.8220000267028809
Danny-Pudi/024.jpg,0.8220000267028809
Danny-Pudi/025.jpg,0.8220000267028809
Danny-Pudi/026.jpg,0.8220000267028809
Danny-Pudi/027.jpg,0.8220000267028809
Danny-Pudi/028.jpg,0.8220000267028809
Danny-Pudi/029.jpg,0.8220000267028809
Danny-Pudi/030.jpg,0.8220000267028809
Danny-Pudi/031.jpg,0.8220000267028809
Danny-Pudi/032.jpg,0.8220000267028809
Danny-Pudi/033.jpg,0.8220000267028809
Danny-Pudi/034.jpg,0.8220000267028809
Danny-Pudi/035.jpg,0.8220000267028809
Danny-Pudi/036.jpg,0.8220000267028809
Danny-Pudi/037.jpg,0.8220000267028809
Danny-Pudi/038.jpg,0.8220000267028809
Danny-Pudi/039.jpg,0.8220000267028809
Danny-Pudi/040.jpg,0.8220000267028809
Danny-Pudi/041.jpg,0.8220000267028809
Danny-Pudi/042.jpg,0.8220000267028809
Danny-Pudi/043.jpg,0.8220000267028809
Danny-Pudi/044.jpg,0.8220000267028809
Danny-Pudi/045.jpg,0.8220000267028809
Danny-Pudi/046.jpg,0.8220000267028809
Danny-Pudi/047.jpg,0.8220000267028809
Danny-Pudi/048.jpg,0.8220000267028809
Danny-Pudi/049.jpg,0.8220000267028809
Danny-Pudi/050.jpg,0.8220000267028809
Danny-Pudi/051.jpg,0.8220000267028809
Danny-Pudi/052.jpg,0.8220000267028809
Danny-Pudi/053.jpg,0.8220000267028809
Danny-Pudi/054.jpg,0.8220000267028809
Danny-Pudi/055.jpg,0.8220000267028809
Danny-Pudi/056.jpg,0.8220000267028809
Danny-Pudi/057.jpg,0.8220000267028809
Danny-Pudi/058.jpg,0.8220000267028809
Danny-Pudi/059.jpg,0.8220000267028809
Danny-Pudi/060.jpg,0.8220000267028809
Danny-Pudi/061.jpg,0.8220000267028809
Danny-Pudi/062.jpg,0.8220000267028809
Danny-Pudi/063.jpg,0.8220000267028809
Danny-Pudi/064.jpg,0.8220000267028809
Danny-Pudi/065.jpg,0.8220000267028809
Danny-Pudi/066.jpg,0.8220000267028809
Danny-Pudi/067.jpg,0.8220000267028809
Danny-Pudi/068.jpg,0.8220000267028809
Danny-Pudi/069.jpg,0.8220000267028809
Danny-Pudi/070.jpg,0.8220000267028809
Danny-Pudi/071.jpg,0.8220000267028809
Danny-Pudi/072.jpg,0.8220000267028809
Danny-Pudi/073.jpg,0.8220000267028809
Danny-Pudi/074.jpg,0.8220000267028809
Danny-Pudi/075.jpg,0.8220000267028809
Danny-Pudi/076.jpg,0.8220000267028809
Danny-Pudi/077.jpg,0.8220000267028809
Danny-Pudi/078.jpg,0.8220000267028809
Danny-Pudi/079.jpg,0.8220000267028809
Danny-Pudi/080.jpg,0.8220000267028809
David-Bowie/001.jpg,0.8220000267028809
David-Bowie/002.jpg,0.8220000267028809
David-Bowie/003.jpg,0.8220000267028809
David-Bowie/004.jpg,0.8220000267028809
David-Bowie/005.jpg,0.8220000267028809
David-Bowie/006.jpg,0.8220000267028809
David-Bowie/007.jpg,0.8220000267028809
David-Bowie/008.jpg,0.8220000267028809
David-Bowie/009.jpg,0.8220000267028809
David-Bowie/010.jpg,0.8220000267028809
David-Bowie/011.jpg,0.8220000267028809
David-Bowie/012.jpg,0.8220000267028809
David-Bowie/013.jpg,0.8220000267028809
David-Bowie/014.jpg,0.8220000267028809
David-Bowie/015.jpg,0.8220000267028809
David-Bowie/016.jpg,0.8220000267028809
David-Bowie/017.jpg,0.8220000267028809
David-Bowie/018.jpg,0.8220000267028809
David-Bowie/019.jpg,0.8220000267028809
David-Bowie/020.jpg,0.8220000267028809
David-Bowie/021.jpg,0.8220000267028809
David-Bowie/022.jpg,0.8220000267028809
David-Bowie/023.jpg,0.8220000267028809
David-Bowie/024.jpg,0.8220000267028809
David-Bowie/025.jpg,0.8220000267028809
David-Bowie/026.jpg,0.8220000267028809
David-Bowie/027.jpg,0.8220000267028809
David-Bowie/028.jpg,0.8220000267028809
David-Bowie/029.jpg,0.8220000267028809
David-Bowie/030.jpg,0.8220000267028809
David-Bowie/031.jpg,0.8220000267028809
David-Bowie/032.jpg,0.8220000267028809
David-Bowie/033.jpg,0.8220000267028809
David-Bowie/034.jpg,0.8220000267028809
David-Bowie/035.jpg,0.8220000267028809
David-Bowie/036.jpg,0.8220000267028809
David-Bowie/037.jpg,0.8220000267028809
David-Bowie/038.jpg,0.8220000267028809
David-Bowie/039.jpg,0.8220000267028809
David-Bowie/040.jpg,0.8220000267028809
David-Bowie/041.jpg,0.8220000267028809
David-Bowie/042.jpg,0.8220000267028809
David-Bowie/043.jpg,0.8220000267028809
David-Bowie/044.jpg,0.8220000267028809
David-Bowie/045.jpg,0.8220000267028809
David-Bowie/046.jpg,0.8220000267028809
David-Bowie/047.jpg,0.8220000267028809
David-Bowie/048.jpg,0.8220000267028809
David-Bowie/049.jpg,0.8220000267028809
David-Bowie/050.jpg,0.8220000267028809
David-Bowie/051.jpg,0.8220000267028809
David-Bowie/052.jpg,0.8220000267028809
David-Bowie/053.jpg,0.8220000267028809
David-Bowie/054.jpg,0.8220000267028809
David-Bowie/055.jpg,0.8220000267028809
David-Bowie/056.jpg,0.8220000267028809
David-Bowie/057.jpg,0.8220000267028809
David-Bowie/058.jpg,0.8220000267028809
David-Bowie/059.jpg,0.8220000267028809
David-Bowie/060.jpg,0.8220000267028809
David-Bowie/061.jpg,0.8220000267028809
David-Bowie/062.jpg,0.8220000267028809
David-Bowie/063.jpg,0.8220000267028809
David-Bowie/064.jpg,0.8220000267028809
David-Bowie/065.jpg,0.8220000267028809
David-Bowie/066.jpg,0.8220000267028809
David-Bowie/067.jpg,0.8220000267028809
David-Bowie/068.jpg,0.8220000267028809
David-Bowie/069.jpg,0.8220000267028809
David-Bowie/070.jpg,0.8220000267028809
David-Bowie/071.jpg,0.8220000267028809
David-Bowie/072.jpg,0.8220000267028809
David-Bowie/073.jpg,0.8220000267028809
David-Bowie/074.jpg,0.8220000267028809
David-Bowie/075.jpg,0.8220000267028809
David-Bowie/076.jpg,0.8220000267028809
David-Bowie/077.jpg,0.8220000267028809
David-Bowie/078.jpg,0.8220000267028809
David-Bowie/079.jpg,0.8220000267028809
David-Bowie/080.jpg,0.8220000267028809
Donald-Glover/001.jpg,0.8220000267028809
Donald-Glover/002.jpg,0.8220000267028809
Donald-Glover/003.jpg,0.8220000267028809
Donald-Glover/004.jpg,0.8220000267028809
Donald-Glover/005.jpg,0.8220000267028809
Donald-Glover/006.jpg,0.8220000267028809
Donald-Glover/007.jpg,0.8220000267028809
Donald-Glover/008.jpg,0.8220000267028809
Donald-Glover/009.jpg,0.8220000267028809
Donald-Glover/010.jpg,0.8220000267028809
Donald-Glover/011.jpg,0.8220000267028809
Donald-Glover/012.jpg,0.8220000267028809
Donald-Glover/013.jpg,0.8220000267028809
Donald-Glover/014.jpg,0.8220000267028809
Donald-Glover/015.jpg,0.8220000267028809
Donald-Glover/016.jpg,0.8220000267028809
Donald-Glover/017.jpg,0.8220000267028809
Donald-Glover/018.jpg,0.8220000267028809
Donald-Glover/019.jpg,0.8220000267028809
Donald-Glover/020.jpg,0.8220000267028809
Donald-Glover/021.jpg,0.8220000267028809
Donald-Glover/022.jpg,0.8220000267028809
Donald-Glover/023.jpg,0.8220000267028809
Donald-Glover/024.jpg,0.8220000267028809
Donald-Glover/025.jpg,0.8220000267028809
Donald-Glover/026.jpg,0.8220000267028809
Donald-Glover/027.jpg,0.8220000267028809
Donald-Glover/028.jpg,0.8220000267028809
Donald-Glover/029.jpg,0.8220000267028809
Donald-Glover/030.jpg,0.8220000267028809
Donald-Glover/031.jpg,0.8220000267028809
Donald-Glover/032.jpg,0.8220000267028809
Donald-Glover/033.jpg,0.8220000267028809
Donald-Glover/034.jpg,0.8220000267028809
Donald-Glover/035.jpg,0.8220000267028809
Donald-Glover/036.jpg,0.8220000267028809
Donald-Glover/037.jpg,0.8220000267028809
Donald-Glover/038.jpg,0.8220000267028809
Donald-Glover/039.jpg,0.8220000267028809
Donald-Glover/040.jpg,0.8220000267028809
Donald-Glover/041.jpg,0.8220000267028809
Donald-Glover/042.jpg,0.8220000267028809
Donald-Glover/043.jpg,0.8220000267028809
Donald-Glover/044.jpg,0.8220000267028809
Donald-Glover/045.jpg,0.8220000267028809
Donald-Glover/046.jpg,0.8220000267028809
Donald-Glover/047.jpg,0.8220000267028809
Donald-Glover/048.jpg,0.8220000267028809
Donald-Glover/049.jpg,0.8220000267028809
Donald-Glover/050.jpg,0.8220000267028809
Donald-Glover/051.jpg,0.8220000267028809
Donald-Glover/052.jpg,0.8220000267028809
Donald-Glover/053.jpg,0.8220000267028809
Donald-Glover/054.jpg,0.8220000267028809
Donald-Glover/055.jpg,0.8220000267028809
Donald-Glover/056.jpg,0.8220000267028809
Donald-Glover/057.jpg,0.8220000267028809
Donald-Glover/058.jpg,0.8220000267028809
Donald-Glover/059.jpg,0.8220000267028809
Donald-Glover/060.jpg,0.8220000267028809
Donald-Glover/061.jpg,0.8220000267028809
Donald-Glover/062.jpg,0.8220000267028809
Donald-Glover/063.jpg,0.8220000267028809
Donald-Glover/064.jpg,0.8220000267028809
Donald-Glover/065.jpg,0.8220000267028809
Donald-Glover/066.jpg,0.8220000267028809
Donald-Glover/067.jpg,0.8220000267028809
Donald-Glover/068.jpg,0.8220000267028809
Donald-Glover/069.jpg,0.8220000267028809
Donald-Glover/070.jpg,0.8220000267028809
Donald-Glover/071.jpg,0.8220000267028809
Donald-Glover/072.jpg,0.8220000267028809
Donald-Glover/073.jpg,0.8220000267028809
Donald-Glover/074.jpg,0.8220000267028809
Donald-Glover/075.jpg,0.8220000267028809
Donald-Glover/076.jpg,0.8220000267028809
Donald-Glover/077.jpg,0.8220000267028809
Donald-Glover/078.jpg,0.8220000267028809
Donald-Glover/079.jpg,0.8220000267028809
Donald-Glover/080.jpg,0.8220000267028809
Elizabeth-Olsen/001.jpg,0.8220000267028809
Elizabeth-Olsen/002.jpg,0.8220000267028809
Elizabeth-Olsen/003.jpg,0.8220000267028809
Elizabeth-Olsen/004.jpg,0.8220000267028809
Elizabeth-Olsen/005.jpg,0.8220000267028809
Elizabeth-Olsen/006.jpg,0.8220000267028809
Elizabeth-Olsen/007.jpg,0.8220000267028809
Elizabeth-Olsen/008.jpg,0.8220000267028809
Elizabeth-Olsen/009.jpg,0.8220000267028809
Elizabeth-Olsen/010.jpg,0.8220000267028809
Elizabeth-Olsen/011.jpg,0.8220000267028809
Elizabeth-Olsen/012.jpg,0.8220000267028809
Elizabeth-Olsen/013.jpg,0.8220000267028809
Elizabeth-Olsen/014.jpg,0.8220000267028809
Elizabeth-Olsen/015.jpg,0.8220000267028809
Elizabeth-Olsen/016.jpg,0.8220000267028809
Elizabeth-Olsen/017.jpg,0.8220000267028809
Elizabeth-Olsen/018.jpg,0.8220000267028809
Elizabeth-Olsen/019.jpg,0.8220000267028809
Elizabeth-Olsen/020.jpg,0.8220000267028809
Elizabeth-Olsen/021.jpg,0.8220000267028809
Elizabeth-Olsen/022.jpg,0.8220000267028809
Elizabeth-Olsen/023.jpg,0.8220000267028809
Elizabeth-Olsen/024.jpg,0.8220000267028809
Elizabeth-Olsen/025.jpg,0.8220000267028809
Elizabeth-Olsen/026.jpg,0.8220000267028809
Elizabeth-Olsen/027.jpg,0.8220000267028809
Elizabeth-Olsen/028.jpg,0.8220000267028809
Elizabeth-Olsen/029.jpg,0.8220000267028809
Elizabeth-Olsen/030.jpg,0.8220000267028809
Elizabeth-Olsen/031.jpg,0.8220000267028809
Elizabeth-Olsen/032.jpg,0.8220000267028809
Elizabeth-Olsen/033.jpg,0.8220000267028809
Elizabeth-Olsen/034.jpg,0.8220000267028809
Elizabeth-Olsen/035.jpg,0.8220000267028809
Elizabeth-Olsen/036.jpg,0.8220000267028809
Elizabeth-Olsen/037.jpg,0.8220000267028809
Elizabeth-Olsen/038.jpg,0.8220000267028809
Elizabeth-Olsen/039.jpg,0.8220000267028809
Elizabeth-Olsen/040.jpg,0.8220000267028809
Elizabeth-Olsen/041.jpg,0.8220000267028809
Elizabeth-Olsen/042.jpg,0.8220000267028809
Elizabeth-Olsen/043.jpg,0.8220000267028809
Elizabeth-Olsen/044.jpg,0.8220000267028809
Elizabeth-Olsen/045.jpg,0.8220000267028809
Elizabeth-Olsen/046.jpg,0.8220000267028809
Elizabeth-Olsen/047.jpg,0.8220000267028809
Elizabeth-Olsen/048.jpg,0.8220000267028809
Elizabeth-Olsen/049.jpg,0.8220000267028809
Elizabeth-Olsen/050.jpg,0.8220000267028809
Elizabeth-Olsen/051.jpg,0.8220000267028809
Elizabeth-Olsen/052.jpg,0.8220000267028809
Elizabeth-Olsen/053.jpg,0.8220000267028809
Elizabeth-Olsen/054.jpg,0.8220000267028809
Elizabeth-Olsen/055.jpg,0.8220000267028809
Elizabeth-Olsen/056.jpg,0.8220000267028809
Elizabeth-Olsen/057.jpg,0.8220000267028809
Elizabeth-Olsen/058.jpg,0.8220000267028809
Elizabeth-Olsen/059.jpg,0.8220000267028809
Elizabeth-Olsen/060.jpg,0.8220000267028809
Elizabeth-Olsen/061.jpg,0.8220000267028809
Elizabeth-Olsen/062.jpg,0.8220000267028809
Elizabeth-Olsen/063.jpg,0.8220000267028809
Elizabeth-Olsen/064.jpg,0.8220000267028809
Elizabeth-Olsen/065.jpg,0.8220000267028809
Elizabeth-Olsen/066.jpg,0.8220000267028809
Elizabeth-Olsen/067.jpg,0.8220000267028809
Elizabeth-Olsen/068.jpg,0.8220000267028809
Elizabeth-Olsen/069.jpg,0.8220000267028809
Elizabeth-Olsen/070.jpg,0.8220000267028809
Elizabeth-Olsen/071.jpg,0.8220000267028809
Elizabeth-Olsen/072.jpg,0.8220000267028809
Elizabeth-Olsen/073.jpg,0.8220000267028809
Elizabeth-Olsen/074.jpg,0.8220000267028809
Elizabeth-Olsen/075.jpg,0.8220000267028809
Elizabeth-Olsen/076.jpg,0.8220000267028809
Elizabeth-Olsen/077.jpg,0.8220000267028809
Elizabeth-Olsen/078.jpg,0.8220000267028809
Elizabeth-Olsen/079.jpg,0.8220000267028809
Elizabeth-Olsen/080.jpg,0.8220000267028809
Jackie-Chan/001.jpg,0.8220000267028809
Jackie-Chan/002.jpg,0.8220000267028809
Jackie-Chan/003.jpg,0.8220000267028809
Jackie-Chan/004.jpg,0.8220000267028809
Jackie-Chan/005.jpg,0.8220000267028809
Jackie-Chan/006.jpg,0.8220000267028809
Jackie-Chan/007.jpg,0.8220000267028809
Jackie-Chan/008.jpg,0.8220000267028809
Jackie-Chan/009.jpg,0.8220000267028809
Jackie-Chan/010.jpg,0.8220000267028809
Jackie-Chan/011.jpg,0.8220000267028809
Jackie-Chan/012.jpg,0.8220000267028809
Jackie-Chan/013.jpg,0.8220000267028809
Jackie-Chan/014.jpg,0.8220000267028809
Jackie-Chan/015.jpg,0.8220000267028809
Jackie-Chan/016.jpg,0.8220000267028809
Jackie-Chan/017.jpg,0.8220000267028809
Jackie-Chan/018.jpg,0.8220000267028809
Jackie-Chan/019.jpg,0.8220000267028809
Jackie-Chan/020.jpg,0.8220000267028809
Jackie-Chan/021.jpg,0.8220000267028809
Jackie-Chan/022.jpg,0.8220000267028809
Jackie-Chan/023.jpg,0.8220000267028809
Jackie-Chan/024.jpg,0.8220000267028809
Jackie-Chan/025.jpg,0.8220000267028809
Jackie-Chan/026.jpg,0.8220000267028809
Jackie-Chan/027.jpg,0.8220000267028809
Jackie-Chan/028.jpg,0.8220000267028809
Jackie-Chan/029.jpg,0.8220000267028809
Jackie-Chan/030.jpg,0.8220000267028809
Jackie-Chan/031.jpg,0.8220000267028809
Jackie-Chan/032.jpg,0.8220000267028809
Jackie-Chan/033.jpg,0.8220000267028809
Jackie-Chan/034.jpg,0.8220000267028809
Jackie-Chan/035.jpg,0.8220000267028809
Jackie-Chan/036.jpg,0.8220000267028809
Jackie-Chan/037.jpg,0.8220000267028809
Jackie-Chan/038.jpg,0.8220000267028809
Jackie-Chan/039.jpg,0.8220000267028809
Jackie-Chan/040.jpg,0.8220000267028809
Jackie-Chan/041.jpg,0.8220000267028809
Jackie-Chan/042.jpg,0.8220000267028809
Jackie-Chan/043.jpg,0.8220000267028809
Jackie-Chan/044.jpg,0.8220000267028809
Jackie-Chan/045.jpg,0.8220000267028809
Jackie-Chan/046.jpg,0.8220000267028809
Jackie-Chan/047.jpg,0.8220000267028809
Jackie-Chan/048.jpg,0.8220000267028809
Jackie-Chan/049.jpg,0.8220000267028809
Jackie-Chan/050.jpg,0.8220000267028809
Jackie-Chan/051.jpg,0.8220000267028809
Jackie-Chan/052.jpg,0.8220000267028809
Jackie-Chan/053.jpg,0.8220000267028809
Jackie-Chan/054.jpg,0.8220000267028809
Jackie-Chan/055.jpg,0.8220000267028809
Jackie-Chan/056.jpg,0.8220000267028809
Jackie-Chan/057.jpg,0.8220000267028809
Jackie-Chan/058.jpg,0.8220000267028809
Jackie-Chan/059.jpg,0.8220000267028809
Jackie-Chan/060.jpg,0.8220000267028809
Jackie-Chan/061.jpg,0.8220000267028809
Jackie-Chan/062.jpg,0.8220000267028809
Jackie-Chan/063.jpg,0.8220000267028809
Jackie-Chan/064.jpg,0.8220000267028809
Jackie-Chan/065.jpg,0.8220000267028809
Jackie-Chan/066.jpg,0.8220000267028809
Jackie-Chan/067.jpg,0.8220000267028809
Jackie-Chan/068.jpg,0.8220000267028809
Jackie-Chan/069.jpg,0.8220000267028809
Jackie-Chan/070.jpg,0.8220000267028809
Jackie-Chan/071.jpg,0.8220000267028809
Jackie-Chan/072.jpg,0.8220000267028809
Jackie-Chan/073.jpg,0.8220000267028809
Jackie-Chan/074.jpg,0.8220000267028809
Jackie-Chan/075.jpg,0.8220000267028809
Jackie-Chan/076.jpg,0.8220000267028809
Jackie-Chan/077.jpg,0.8220000267028809
Jackie-Chan/078.jpg,0.8220000267028809
Jackie-Chan/079.jpg,0.8220000267028809
Jackie-Chan/080.jpg,0.8220000267028809
Jim-Carrey/001.jpg,0.8220000267028809
Jim-Carrey/002.jpg,0.8220000267028809
Jim-Carrey/003.jpg,0.8220000267028809
Jim-Carrey/004.jpg,0.8220000267028809
Jim-Carrey/005.jpg,0.8220000267028809
Jim-Carrey/006.jpg,0.8220000267028809
Jim-Carrey/007.jpg,0.8220000267028809
Jim-Carrey/008.jpg,0.8220000267028809
Jim-Carrey/009.jpg,0.8220000267028809
Jim-Carrey/010.jpg,0.8220000267028809
Jim-Carrey/011.jpg,0.8220000267028809
Jim-Carrey/012.jpg,0.8220000267028809
Jim-Carrey/013.jpg,0.8220000267028809
Jim-Carrey/014.jpg,0.8220000267028809
Jim-Carrey/015.jpg,0.8220000267028809
Jim-Carrey/016.jpg,0.8220000267028809
Jim-Carrey/017.jpg,0.8220000267028809
Jim-Carrey/018.jpg,0.8220000267028809
Jim-Carrey/019.jpg,0.8220000267028809
Jim-Carrey/020.jpg,0.8220000267028809
Jim-Carrey/021.jpg,0.8220000267028809
Jim-Carrey/022.jpg,0.8220000267028809
Jim-Carrey/023.jpg,0.8220000267028809
Jim-Carrey/024.jpg,0.8220000267028809
Jim-Carrey/025.jpg,0.8220000267028809
Jim-Carrey/026.jpg,0.8220000267028809
Jim-Carrey/027.jpg,0.8220000267028809
Jim-Carrey/028.jpg,0.8220000267028809
Jim-Carrey/029.jpg,0.8220000267028809
Jim-Carrey/030.jpg,0.8220000267028809
Jim-Carrey/031.jpg,0.8220000267028809
Jim-Carrey/032.jpg,0.8220000267028809
Jim-Carrey/033.jpg,0.8220000267028809
Jim-Carrey/034.jpg,0.8220000267028809
Jim-Carrey/035.jpg,0.8220000267028809
Jim-Carrey/036.jpg,0.8220000267028809
Jim-Carrey/037.jpg,0.8220000267028809
Jim-Carrey/038.jpg,0.8220000267028809
Jim-Carrey/039.jpg,0.8220000267028809
Jim-Carrey/040.jpg,0.8220000267028809
Jim-Carrey/041.jpg,0.8220000267028809
Jim-Carrey/042.jpg,0.8220000267028809
Jim-Carrey/043.jpg,0.8220000267028809
Jim-Carrey/044.jpg,0.8220000267028809
Jim-Carrey/045.jpg,0.8220000267028809
Jim-Carrey/046.jpg,0.8220000267028809
Jim-Carrey/047.jpg,0.8220000267028809
Jim-Carrey/048.jpg,0.8220000267028809
Jim-Carrey/049.jpg,0.8220000267028809
Jim-Carrey/050.jpg,0.8220000267028809
Jim-Carrey/051.jpg,0.8220000267028809
Jim-Carrey/052.jpg,0.8220000267028809
Jim-Carrey/053.jpg,0.8220000267028809
Jim-Carrey/054.jpg,0.8220000267028809
Jim-Carrey/055.jpg,0.8220000267028809
Jim-Carrey/056.jpg,0.8220000267028809
Jim-Carrey/057.jpg,0.8220000267028809
Jim-Carrey/058.jpg,0.8220000267028809
Jim-Carrey/059.jpg,0.8220000267028809
Jim-Carrey/060.jpg,0.8220000267028809
Jim-Carrey/061.jpg,0.8220000267028809
Jim-Carrey/062.jpg,0.8220000267028809
Jim-Carrey/063.jpg,0.8220000267028809
Jim-Carrey/064.jpg,0.8220000267028809
Jim-Carrey/065.jpg,0.8220000267028809
Jim-Carrey/066.jpg,0.8220000267028809
Jim-Carrey/067.jpg,0.8220000267028809
Jim-Carrey/068.jpg,0.8220000267028809
Jim-Carrey/069.jpg,0.8220000267028809
Jim-Carrey/070.jpg,0.8220000267028809
Jim-Carrey/071.jpg,0.8220000267028809
Jim-Carrey/072.jpg,0.8220000267028809
Jim-Carrey/073.jpg,0.8220000267028809
Jim-Carrey/074.jpg,0.8220000267028809
Jim-Carrey/075.jpg,0.8220000267028809
Jim-Carrey/076.jpg,0.8220000267028809
Jim-Carrey/077.jpg,0.8220000267028809
Jim-Carrey/078.jpg,0.8220000267028809
Jim-Carrey/079.jpg,0.8220000267028809
Jim-Carrey/080.jpg,0.8220000267028809
John-Lennon/001.jpg,0.8220000267028809
John-Lennon/002.jpg,0.8220000267028809
John-Lennon/003.jpg,0.8220000267028809
John-Lennon/004.jpg,0.8220000267028809
John-Lennon/005.jpg,0.8220000267028809
John-Lennon/006.jpg,0.8220000267028809
John-Lennon/007.jpg,0.8220000267028809
John-Lennon/008.jpg,0.8220000267028809
John-Lennon/009.jpg,0.8220000267028809
John-Lennon/010.jpg,0.8220000267028809
John-Lennon/011.jpg,0.8220000267028809
John-Lennon/012.jpg,0.8220000267028809
John-Lennon/013.jpg,0.8220000267028809
John-Lennon/014.jpg,0.8220000267028809
John-Lennon/015.jpg,0.8220000267028809
John-Lennon/016.jpg,0.8220000267028809
John-Lennon/017.jpg,0.8220000267028809
John-Lennon/018.jpg,0.8220000267028809
John-Lennon/019.jpg,0.8220000267028809
John-Lennon/020.jpg,0.8220000267028809
John-Lennon/021.jpg,0.8220000267028809
John-Lennon/022.jpg,0.8220000267028809
John-Lennon/023.jpg,0.8220000267028809
John-Lennon/024.jpg,0.8220000267028809
John-Lennon/025.jpg,0.8220000267028809
John-Lennon/026.jpg,0.8220000267028809
John-Lennon/027.jpg,0.8220000267028809
John-Lennon/028.jpg,0.8220000267028809
John-Lennon/029.jpg,0.8220000267028809
John-Lennon/030.jpg,0.8220000267028809
John-Lennon/031.jpg,0.8220000267028809
John-Lennon/032.jpg,0.8220000267028809
John-Lennon/033.jpg,0.8220000267028809
John-Lennon/034.jpg,0.8220000267028809
John-Lennon/035.jpg,0.8220000267028809
John-Lennon/036.jpg,0.8220000267028809
John-Lennon/037.jpg,0.8220000267028809
John-Lennon/038.jpg,0.8220000267028809
John-Lennon/039.jpg,0.8220000267028809
John-Lennon/040.jpg,0.8220000267028809
John-Lennon/041.jpg,0.8220000267028809
John-Lennon/042.jpg,0.8220000267028809
John-Lennon/043.jpg,0.8220000267028809
John-Lennon/044.jpg,0.8220000267028809
John-Lennon/045.jpg,0.8220000267028809
John-Lennon/046.jpg,0.8220000267028809
John-Lennon/047.jpg,0.8220000267028809
John-Lennon/048.jpg,0.8220000267028809
John-Lennon/049.jpg,0.8220000267028809
John-Lennon/050.jpg,0.8220000267028809
John-Lennon/051.jpg,0.8220000267028809
John-Lennon/052.jpg,0.8220000267028809
John-Lennon/053.jpg,0.8220000267028809
John-Lennon/054.jpg,0.8220000267028809
John-Lennon/055.jpg,0.8220000267028809
John-Lennon/056.jpg,0.8220000267028809
John-Lennon/057.jpg,0.8220000267028809
John-Lennon/058.jpg,0.8220000267028809
John-Lennon/059.jpg,0.8220000267028809
John-Lennon/060.jpg,0.8220000267028809
John-Lennon/061.jpg,0.8220000267028809
John-Lennon/062.jpg,0.8220000267028809
John-Lennon/063.jpg,0.8220000267028809
John-Lennon/064.jpg,0.8220000267028809
John-Lennon/065.jpg,0.8220000267028809
John-Lennon/066.jpg,0.8220000267028809
John-Lennon/067.jpg,0.8220000267028809
John-Lennon/068.jpg,0.8220000267028809
John-Lennon/069.jpg,0.8220000267028809
John-Lennon/070.jpg,0.8220000267028809
John-Lennon/071.jpg,0.8220000267028809
John-Lennon/072.jpg,0.8220000267028809
John-Lennon/073.jpg,0.8220000267028809
John-Lennon/074.jpg,0.8220000267028809
John-Lennon/075.jpg,0.8220000267028809
John-Lennon/076.jpg,0.8220000267028809
John-Lennon/077.jpg,0.8220000267028809
John-Lennon/078.jpg,0.8220000267028809
John-Lennon/079.jpg,0.8220000267028809
John-Lennon/080.jpg,0.8220000267028809
John-Mulaney/001.jpg,0.8220000267028809
John-Mulaney/002.jpg,0.8220000267028809
John-Mulaney/003.jpg,0.8220000267028809
John-Mulaney/004.jpg,0.8220000267028809
John-Mulaney/005.jpg,0.8220000267028809
John-Mulaney/006.jpg,0.8220000267028809
John-Mulaney/007.jpg,0.8220000267028809
John-Mulaney/008.jpg,0.8220000267028809
John-Mulaney/009.jpg,0.8220000267028809
John-Mulaney/010.jpg,0.8220000267028809
John-Mulaney/011.jpg,0.8220000267028809
John-Mulaney/012.jpg,0.8220000267028809
John-Mulaney/013.jpg,0.8220000267028809
John-Mulaney/014.jpg,0.8220000267028809
John-Mulaney/015.jpg,0.8220000267028809
John-Mulaney/016.jpg,0.8220000267028809
John-Mulaney/017.jpg,0.8220000267028809
John-Mulaney/018.jpg,0.8220000267028809
John-Mulaney/019.jpg,0.8220000267028809
John-Mulaney/020.jpg,0.8220000267028809
John-Mulaney/021.jpg,0.8220000267028809
John-Mulaney/022.jpg,0.8220000267028809
John-Mulaney/023.jpg,0.8220000267028809
John-Mulaney/024.jpg,0.8220000267028809
John-Mulaney/025.jpg,0.8220000267028809
John-Mulaney/026.jpg,0.8220000267028809
John-Mulaney/027.jpg,0.8220000267028809
John-Mulaney/028.jpg,0.8220000267028809
John-Mulaney/029.jpg,0.8220000267028809
John-Mulaney/030.jpg,0.8220000267028809
John-Mulaney/031.jpg,0.8220000267028809
John-Mulaney/032.jpg,0.8220000267028809
John-Mulaney/033.jpg,0.8220000267028809
John-Mulaney/034.jpg,0.8220000267028809
John-Mulaney/035.jpg,0.8220000267028809
John-Mulaney/036.jpg,0.8220000267028809
John-Mulaney/037.jpg,0.8220000267028809
John-Mulaney/038.jpg,0.8220000267028809
John-Mulaney/039.jpg,0.8220000267028809
John-Mulaney/040.jpg,0.8220000267028809
John-Mulaney/041.jpg,0.8220000267028809
John-Mulaney/042.jpg,0.8220000267028809
John-Mulaney/043.jpg,0.8220000267028809
John-Mulaney/044.jpg,0.8220000267028809
John-Mulaney/045.jpg,0.8220000267028809
John-Mulaney/046.jpg,0.8220000267028809
John-Mulaney/047.jpg,0.8220000267028809
John-Mulaney/048.jpg,0.8220000267028809
John-Mulaney/049.jpg,0.8220000267028809
John-Mulaney/050.jpg,0.8220000267028809
John-Mulaney/051.jpg,0.8220000267028809
John-Mulaney/052.jpg,0.8220000267028809
John-Mulaney/053.jpg,0.8220000267028809
John-Mulaney/054.jpg,0.8220000267028809
John-Mulaney/055.jpg,0.8220000267028809
John-Mulaney/056.jpg,0.8220000267028809
John-Mulaney/057.jpg,0.8220000267028809
John-Mulaney/058.jpg,0.8220000267028809
John-Mulaney/059.jpg,0.8220000267028809
John-Mulaney/060.jpg,0.8220000267028809
John-Mulaney/061.jpg,0.8220000267028809
John-Mulaney/062.jpg,0.8220000267028809
John-Mulaney/063.jpg,0.8220000267028809
John-Mulaney/064.jpg,0.8220000267028809
John-Mulaney/065.jpg,0.8220000267028809
John-Mulaney/066.jpg,0.8220000267028809
John-Mulaney/067.jpg,0.8220000267028809
John-Mulaney/068.jpg,0.8220000267028809
John-Mulaney/069.jpg,0.8220000267028809
John-Mulaney/070.jpg,0.8220000267028809
John-Mulaney/071.jpg,0.8220000267028809
John-Mulaney/072.jpg,0.8220000267028809
John-Mulaney/073.jpg,0.8220000267028809
John-Mulaney/074.jpg,0.8220000267028809
John-Mulaney/075.jpg,0.8220000267028809
John-Mulaney/076.jpg,0.8220000267028809
John-Mulaney/077.jpg,0.8220000267028809
John-Mulaney/078.jpg,0.8220000267028809
John-Mulaney/079.jpg,0.8220000267028809
John-Mulaney/080.jpg,0.8220000267028809
Lucy-Liu/001.jpg,0.8220000267028809
Lucy-Liu/002.jpg,0.8220000267028809
Lucy-Liu/003.jpg,0.8220000267028809
Lucy-Liu/004.jpg,0.8220000267028809
Lucy-Liu/005.jpg,0.8220000267028809
Lucy-Liu/006.jpg,0.8220000267028809
Lucy-Liu/007.jpg,0.8220000267028809
Lucy-Liu/008.jpg,0.8220000267028809
Lucy-Liu/009.jpg,0.8220000267028809
Lucy-Liu/010.jpg,0.8220000267028809
Lucy-Liu/011.jpg,0.8220000267028809
Lucy-Liu/012.jpg,0.8220000267028809
Lucy-Liu/013.jpg,0.8220000267028809
Lucy-Liu/014.jpg,0.8220000267028809
Lucy-Liu/015.jpg,0.8220000267028809
Lucy-Liu/016.jpg,0.8220000267028809
Lucy-Liu/017.jpg,0.8220000267028809
Lucy-Liu/018.jpg,0.8220000267028809
Lucy-Liu/019.jpg,0.8220000267028809
Lucy-Liu/020.jpg,0.8220000267028809
Lucy-Liu/021.jpg,0.8220000267028809
Lucy-Liu/022.jpg,0.8220000267028809
Lucy-Liu/023.jpg,0.8220000267028809
Lucy-Liu/024.jpg,0.8220000267028809
Lucy-Liu/025.jpg,0.8220000267028809
Lucy-Liu/026.jpg,0.8220000267028809
Lucy-Liu/027.jpg,0.8220000267028809
Lucy-Liu/028.jpg,0.8220000267028809
Lucy-Liu/029.jpg,0.8220000267028809
Lucy-Liu/030.jpg,0.8220000267028809
Lucy-Liu/031.jpg,0.8220000267028809
Lucy-Liu/032.jpg,0.8220000267028809
Lucy-Liu/033.jpg,0.8220000267028809
Lucy-Liu/034.jpg,0.8220000267028809
Lucy-Liu/035.jpg,0.8220000267028809
Lucy-Liu/036.jpg,0.8220000267028809
Lucy-Liu/037.jpg,0.8220000267028809
Lucy-Liu/038.jpg,0.8220000267028809
Lucy-Liu/039.jpg,0.8220000267028809
Lucy-Liu/040.jpg,0.8220000267028809
Lucy-Liu/041.jpg,0.8220000267028809
Lucy-Liu/042.jpg,0.8220000267028809
Lucy-Liu/043.jpg,0.8220000267028809
Lucy-Liu/044.jpg,0.8220000267028809
Lucy-Liu/045.jpg,0.8220000267028809
Lucy-Liu/046.jpg,0.8220000267028809
Lucy-Liu/047.jpg,0.8220000267028809
Lucy-Liu/048.jpg,0.8220000267028809
Lucy-Liu/049.jpg,0.8220000267028809
Lucy-Liu/050.jpg,0.8220000267028809
Lucy-Liu/051.jpg,0.8220000267028809
Lucy-Liu/052.jpg,0.8220000267028809
Lucy-Liu/053.jpg,0.8220000267028809
Lucy-Liu/054.jpg,0.8220000267028809
Lucy-Liu/055.jpg,0.8220000267028809
Lucy-Liu/056.jpg,0.8220000267028809
Lucy-Liu/057.jpg,0.8220000267028809
Lucy-Liu/058.jpg,0.8220000267028809
Lucy-Liu/059.jpg,0.8220000267028809
Lucy-Liu/060.jpg,0.8220000267028809
Lucy-Liu/061.jpg,0.8220000267028809
Lucy-Liu/062.jpg,0.8220000267028809
Lucy-Liu/063.jpg,0.8220000267028809
Lucy-Liu/064.jpg,0.8220000267028809
Lucy-Liu/065.jpg,0.8220000267028809
Lucy-Liu/066.jpg,0.8220000267028809
Lucy-Liu/067.jpg,0.8220000267028809
Lucy-Liu/068.jpg,0.8220000267028809
Lucy-Liu/069.jpg,0.8220000267028809
Lucy-Liu/070.jpg,0.8220000267028809
Lucy-Liu/071.jpg,0.8220000267028809
Lucy-Liu/072.jpg,0.8220000267028809
Lucy-Liu/073.jpg,0.8220000267028809
Lucy-Liu/074.jpg,0.8220000267028809
Lucy-Liu/075.jpg,0.8220000267028809
Lucy-Liu/076.jpg,0.8220000267028809
Lucy-Liu/077.jpg,0.8220000267028809
Lucy-Liu/078.jpg,0.8220000267028809
Lucy-Liu/079.jpg,0.8220000267028809
Lucy-Liu/080.jpg,0.8220000267028809
Margot-Robbie/001.jpg,0.8220000267028809
Margot-Robbie/002.jpg,0.8220000267028809
Margot-Robbie/003.jpg,0.8220000267028809
Margot-Robbie/004.jpg,0.8220000267028809
Margot-Robbie/005.jpg,0.8220000267028809
Margot-Robbie/006.jpg,0.8220000267028809
Margot-Robbie/007.jpg,0.8220000267028809
Margot-Robbie/008.jpg,0.8220000267028809
Margot-Robbie/009.jpg,0.8220000267028809
Margot-Robbie/010.jpg,0.8220000267028809
Margot-Robbie/011.jpg,0.8220000267028809
Margot-Robbie/012.jpg,0.8220000267028809
Margot-Robbie/013.jpg,0.8220000267028809
Margot-Robbie/014.jpg,0.8220000267028809
Margot-Robbie/015.jpg,0.8220000267028809
Margot-Robbie/016.jpg,0.8220000267028809
Margot-Robbie/017.jpg,0.8220000267028809
Margot-Robbie/018.jpg,0.8220000267028809
Margot-Robbie/019.jpg,0.8220000267028809
Margot-Robbie/020.jpg,0.8220000267028809
Margot-Robbie/021.jpg,0.8220000267028809
Margot-Robbie/022.jpg,0.8220000267028809
Margot-Robbie/023.jpg,0.8220000267028809
Margot-Robbie/024.jpg,0.8220000267028809
Margot-Robbie/025.jpg,0.8220000267028809
Margot-Robbie/026.jpg,0.8220000267028809
Margot-Robbie/027.jpg,0.8220000267028809
Margot-Robbie/028.jpg,0.8220000267028809
Margot-Robbie/029.jpg,0.8220000267028809
Margot-Robbie/030.jpg,0.8220000267028809
Margot-Robbie/031.jpg,0.8220000267028809
Margot-Robbie/032.jpg,0.8220000267028809
Margot-Robbie/033.jpg,0.8220000267028809
Margot-Robbie/034.jpg,0.8220000267028809
Margot-Robbie/035.jpg,0.8220000267028809
Margot-Robbie/036.jpg,0.8220000267028809
Margot-Robbie/037.jpg,0.8220000267028809
Margot-Robbie/038.jpg,0.8220000267028809
Margot-Robbie/039.jpg,0.8220000267028809
Margot-Robbie/040.jpg,0.8220000267028809
Margot-Robbie/041.jpg,0.8220000267028809
Margot-Robbie/042.jpg,0.8220000267028809
Margot-Robbie/043.jpg,0.8220000267028809
Margot-Robbie/044.jpg,0.8220000267028809
Margot-Robbie/045.jpg,0.8220000267028809
Margot-Robbie/046.jpg,0.8220000267028809
Margot-Robbie/047.jpg,0.8220000267028809
Margot-Robbie/048.jpg,0.8220000267028809
Margot-Robbie/049.jpg,0.8220000267028809
Margot-Robbie/050.jpg,0.8220000267028809
Margot-Robbie/051.jpg,0.8220000267028809
Margot-Robbie/052.jpg,0.8220000267028809
Margot-Robbie/053.jpg,0.8220000267028809
Margot-Robbie/054.jpg,0.8220000267028809
Margot-Robbie/055.jpg,0.8220000267028809
Margot-Robbie/056.jpg,0.8220000267028809
Margot-Robbie/057.jpg,0.8220000267028809
Margot-Robbie/058.jpg,0.8220000267028809
Margot-Robbie/059.jpg,0.8220000267028809
Margot-Robbie/060.jpg,0.8220000267028809
Margot-Robbie/061.jpg,0.8220000267028809
Margot-Robbie/062.jpg,0.8220000267028809
Margot-Robbie/063.jpg,0.8220000267028809
Margot-Robbie/064.jpg,0.8220000267028809
Margot-Robbie/065.jpg,0.8220000267028809
Margot-Robbie/066.jpg,0.8220000267028809
Margot-Robbie/067.jpg,0.8220000267028809
Margot-Robbie/068.jpg,0.8220000267028809
Margot-Robbie/069.jpg,0.8220000267028809
Margot-Robbie/070.jpg,0.8220000267028809
Margot-Robbie/071.jpg,0.8220000267028809
Margot-Robbie/072.jpg,0.8220000267028809
Margot-Robbie/073.jpg,0.8220000267028809
Margot-Robbie/074.jpg,0.8220000267028809
Margot-Robbie/075.jpg,0.8220000267028809
Margot-Robbie/076.jpg,0.8220000267028809
Margot-Robbie/077.jpg,0.8220000267028809
Margot-Robbie/078.jpg,0.8220000267028809
Margot-Robbie/079.jpg,0.8220000267028809
Margot-Robbie/080.jpg,0.8220000267028809
Mariah-Carey/001.jpg,0.8220000267028809
Mariah-Carey/002.jpg,0.8220000267028809
Mariah-Carey/003.jpg,0.8220000267028809
Mariah-Carey/004.jpg,0.8220000267028809
Mariah-Carey/005.jpg,0.8220000267028809
Mariah-Carey/006.jpg,0.8220000267028809
Mariah-Carey/007.jpg,0.8220000267028809
Mariah-Carey/008.jpg,0.8220000267028809
Mariah-Carey/009.jpg,0.8220000267028809
Mariah-Carey/010.jpg,0.8220000267028809
Mariah-Carey/011.jpg,0.8220000267028809
Mariah-Carey/012.jpg,0.8220000267028809
Mariah-Carey/013.jpg,0.8220000267028809
Mariah-Carey/014.jpg,0.8220000267028809
Mariah-Carey/015.jpg,0.8220000267028809
Mariah-Carey/016.jpg,0.8220000267028809
Mariah-Carey/017.jpg,0.8220000267028809
Mariah-Carey/018.jpg,0.8220000267028809
Mariah-Carey/019.jpg,0.8220000267028809
Mariah-Carey/020.jpg,0.8220000267028809
Mariah-Carey/021.jpg,0.8220000267028809
Mariah-Carey/022.jpg,0.8220000267028809
Mariah-Carey/023.jpg,0.8220000267028809
Mariah-Carey/024.jpg,0.8220000267028809
Mariah-Carey/025.jpg,0.8220000267028809
Mariah-Carey/026.jpg,0.8220000267028809
Mariah-Carey/027.jpg,0.8220000267028809
Mariah-Carey/028.jpg,0.8220000267028809
Mariah-Carey/029.jpg,0.8220000267028809
Mariah-Carey/030.jpg,0.8220000267028809
Mariah-Carey/031.jpg,0.8220000267028809
Mariah-Carey/032.jpg,0.8220000267028809
Mariah-Carey/033.jpg,0.8220000267028809
Mariah-Carey/034.jpg,0.8220000267028809
Mariah-Carey/035.jpg,0.8220000267028809
Mariah-Carey/036.jpg,0.8220000267028809
Mariah-Carey/037.jpg,0.8220000267028809
Mariah-Carey/038.jpg,0.8220000267028809
Mariah-Carey/039.jpg,0.8220000267028809
Mariah-Carey/040.jpg,0.8220000267028809
Mariah-Carey/041.jpg,0.8220000267028809
Mariah-Carey/042.jpg,0.8220000267028809
Mariah-Carey/043.jpg,0.8220000267028809
Mariah-Carey/044.jpg,0.8220000267028809
Mariah-Carey/045.jpg,0.8220000267028809
Mariah-Carey/046.jpg,0.8220000267028809
Mariah-Carey/047.jpg,0.8220000267028809
Mariah-Carey/048.jpg,0.8220000267028809
Mariah-Carey/049.jpg,0.8220000267028809
Mariah-Carey/050.jpg,0.8220000267028809
Mariah-Carey/051.jpg,0.8220000267028809
Mariah-Carey/052.jpg,0.8220000267028809
Mariah-Carey/053.jpg,0.8220000267028809
Mariah-Carey/054.jpg,0.8220000267028809
Mariah-Carey/055.jpg,0.8220000267028809
Mariah-Carey/056.jpg,0.8220000267028809
Mariah-Carey/057.jpg,0.8220000267028809
Mariah-Carey/058.jpg,0.8220000267028809
Mariah-Carey/059.jpg,0.8220000267028809
Mariah-Carey/060.jpg,0.8220000267028809
Mariah-Carey/061.jpg,0.8220000267028809
Mariah-Carey/062.jpg,0.8220000267028809
Mariah-Carey/063.jpg,0.8220000267028809
Mariah-Carey/064.jpg,0.8220000267028809
Mariah-Carey/065.jpg,0.8220000267028809
Mariah-Carey/066.jpg,0.8220000267028809
Mariah-Carey/067.jpg,0.8220000267028809
Mariah-Carey/068.jpg,0.8220000267028809
Mariah-Carey/069.jpg,0.8220000267028809
Mariah-Carey/070.jpg,0.8220000267028809
Mariah-Carey/071.jpg,0.8220000267028809
Mariah-Carey/072.jpg,0.8220000267028809
Mariah-Carey/073.jpg,0.8220000267028809
Mariah-Carey/074.jpg,0.8220000267028809
Mariah-Carey/075.jpg,0.8220000267028809
Mariah-Carey/076.jpg,0.8220000267028809
Mariah-Carey/077.jpg,0.8220000267028809
Mariah-Carey/078.jpg,0.8220000267028809
Mariah-Carey/079.jpg,0.8220000267028809
Mariah-Carey/080.jpg,0.8220000267028809
Matt-Damon/001.jpg,0.8220000267028809
Matt-Damon/002.jpg,0.8220000267028809
Matt-Damon/003.jpg,0.8220000267028809
Matt-Damon/004.jpg,0.8220000267028809
Matt-Damon/005.jpg,0.8220000267028809
Matt-Damon/006.jpg,0.8220000267028809
Matt-Damon/007.jpg,0.8220000267028809
Matt-Damon/008.jpg,0.8220000267028809
Matt-Damon/009.jpg,0.8220000267028809
Matt-Damon/010.jpg,0.8220000267028809
Matt-Damon/011.jpg,0.8220000267028809
Matt-Damon/012.jpg,0.8220000267028809
Matt-Damon/013.jpg,0.8220000267028809
Matt-Damon/014.jpg,0.8220000267028809
Matt-Damon/015.jpg,0.8220000267028809
Matt-Damon/016.jpg,0.8220000267028809
Matt-Damon/017.jpg,0.8220000267028809
Matt-Damon/018.jpg,0.8220000267028809
Matt-Damon/019.jpg,0.8220000267028809
Matt-Damon/020.jpg,0.8220000267028809
Matt-Damon/021.jpg,0.8220000267028809
Matt-Damon/022.jpg,0.8220000267028809
Matt-Damon/023.jpg,0.8220000267028809
Matt-Damon/024.jpg,0.8220000267028809
Matt-Damon/025.jpg,0.8220000267028809
Matt-Damon/026.jpg,0.8220000267028809
Matt-Damon/027.jpg,0.8220000267028809
Matt-Damon/028.jpg,0.8220000267028809
Matt-Damon/029.jpg,0.8220000267028809
Matt-Damon/030.jpg,0.8220000267028809
Matt-Damon/031.jpg,0.8220000267028809
Matt-Damon/032.jpg,0.8220000267028809
Matt-Damon/033.jpg,0.8220000267028809
Matt-Damon/034.jpg,0.8220000267028809
Matt-Damon/035.jpg,0.8220000267028809
Matt-Damon/036.jpg,0.8220000267028809
Matt-Damon/037.jpg,0.8220000267028809
Matt-Damon/038.jpg,0.8220000267028809
Matt-Damon/039.jpg,0.8220000267028809
Matt-Damon/040.jpg,0.8220000267028809
Matt-Damon/041.jpg,0.8220000267028809
Matt-Damon/042.jpg,0.8220000267028809
Matt-Damon/043.jpg,0.8220000267028809
Matt-Damon/044.jpg,0.8220000267028809
Matt-Damon/045.jpg,0.8220000267028809
Matt-Damon/046.jpg,0.8220000267028809
Matt-Damon/047.jpg,0.8220000267028809
Matt-Damon/048.jpg,0.8220000267028809
Matt-Damon/049.jpg,0.8220000267028809
Matt-Damon/050.jpg,0.8220000267028809
Matt-Damon/051.jpg,0.8220000267028809
Matt-Damon/052.jpg,0.8220000267028809
Matt-Damon/053.jpg,0.8220000267028809
Matt-Damon/054.jpg,0.8220000267028809
Matt-Damon/055.jpg,0.8220000267028809
Matt-Damon/056.jpg,0.8220000267028809
Matt-Damon/057.jpg,0.8220000267028809
Matt-Damon/058.jpg,0.8220000267028809
Matt-Damon/059.jpg,0.8220000267028809
Matt-Damon/060.jpg,0.8220000267028809
Matt-Damon/061.jpg,0.8220000267028809
Matt-Damon/062.jpg,0.8220000267028809
Matt-Damon/063.jpg,0.8220000267028809
Matt-Damon/064.jpg,0.8220000267028809
Matt-Damon/065.jpg,0.8220000267028809
Matt-Damon/066.jpg,0.8220000267028809
Matt-Damon/067.jpg,0.8220000267028809
Matt-Damon/068.jpg,0.8220000267028809
Matt-Damon/069.jpg,0.8220000267028809
Matt-Damon/070.jpg,0.8220000267028809
Matt-Damon/071.jpg,0.8220000267028809
Matt-Damon/072.jpg,0.8220000267028809
Matt-Damon/073.jpg,0.8220000267028809
Matt-Damon/074.jpg,0.8220000267028809
Matt-Damon/075.jpg,0.8220000267028809
Matt-Damon/076.jpg,0.8220000267028809
Matt-Damon/077.jpg,0.8220000267028809
Matt-Damon/078.jpg,0.8220000267028809
Matt-Damon/079.jpg,0.8220000267028809
Matt-Damon/080.jpg,0.8220000267028809
Maya-Rudolph/001.jpg,0.8220000267028809
Maya-Rudolph/002.jpg,0.8220000267028809
Maya-Rudolph/003.jpg,0.8220000267028809
Maya-Rudolph/004.jpg,0.8220000267028809
Maya-Rudolph/005.jpg,0.8220000267028809
Maya-Rudolph/006.jpg,0.8220000267028809
Maya-Rudolph/007.jpg,0.8220000267028809
Maya-Rudolph/008.jpg,0.8220000267028809
Maya-Rudolph/009.jpg,0.8220000267028809
Maya-Rudolph/010.jpg,0.8220000267028809
Maya-Rudolph/011.jpg,0.8220000267028809
Maya-Rudolph/012.jpg,0.8220000267028809
Maya-Rudolph/013.jpg,0.8220000267028809
Maya-Rudolph/014.jpg,0.8220000267028809
Maya-Rudolph/015.jpg,0.8220000267028809
Maya-Rudolph/016.jpg,0.8220000267028809
Maya-Rudolph/017.jpg,0.8220000267028809
Maya-Rudolph/018.jpg,0.8220000267028809
Maya-Rudolph/019.jpg,0.8220000267028809
Maya-Rudolph/020.jpg,0.8220000267028809
Maya-Rudolph/021.jpg,0.8220000267028809
Maya-Rudolph/022.jpg,0.8220000267028809
Maya-Rudolph/023.jpg,0.8220000267028809
Maya-Rudolph/024.jpg,0.8220000267028809
Maya-Rudolph/025.jpg,0.8220000267028809
Maya-Rudolph/026.jpg,0.8220000267028809
Maya-Rudolph/027.jpg,0.8220000267028809
Maya-Rudolph/028.jpg,0.8220000267028809
Maya-Rudolph/029.jpg,0.8220000267028809
Maya-Rudolph/030.jpg,0.8220000267028809
Maya-Rudolph/031.jpg,0.8220000267028809
Maya-Rudolph/032.jpg,0.8220000267028809
Maya-Rudolph/033.jpg,0.8220000267028809
Maya-Rudolph/034.jpg,0.8220000267028809
Maya-Rudolph/035.jpg,0.8220000267028809
Maya-Rudolph/036.jpg,0.8220000267028809
Maya-Rudolph/037.jpg,0.8220000267028809
Maya-Rudolph/038.jpg,0.8220000267028809
Maya-Rudolph/039.jpg,0.8220000267028809
Maya-Rudolph/040.jpg,0.8220000267028809
Maya-Rudolph/041.jpg,0.8220000267028809
Maya-Rudolph/042.jpg,0.8220000267028809
Maya-Rudolph/043.jpg,0.8220000267028809
Maya-Rudolph/044.jpg,0.8220000267028809
Maya-Rudolph/045.jpg,0.8220000267028809
Maya-Rudolph/046.jpg,0.8220000267028809
Maya-Rudolph/047.jpg,0.8220000267028809
Maya-Rudolph/048.jpg,0.8220000267028809
Maya-Rudolph/049.jpg,0.8220000267028809
Maya-Rudolph/050.jpg,0.8220000267028809
Maya-Rudolph/051.jpg,0.8220000267028809
Maya-Rudolph/052.jpg,0.8220000267028809
Maya-Rudolph/053.jpg,0.8220000267028809
Maya-Rudolph/054.jpg,0.8220000267028809
Maya-Rudolph/055.jpg,0.8220000267028809
Maya-Rudolph/056.jpg,0.8220000267028809
Maya-Rudolph/057.jpg,0.8220000267028809
Maya-Rudolph/058.jpg,0.8220000267028809
Maya-Rudolph/059.jpg,0.8220000267028809
Maya-Rudolph/060.jpg,0.8220000267028809
Maya-Rudolph/061.jpg,0.8220000267028809
Maya-Rudolph/062.jpg,0.8220000267028809
Maya-Rudolph/063.jpg,0.8220000267028809
Maya-Rudolph/064.jpg,0.8220000267028809
Maya-Rudolph/065.jpg,0.8220000267028809
Maya-Rudolph/066.jpg,0.8220000267028809
Maya-Rudolph/067.jpg,0.8220000267028809
Maya-Rudolph/068.jpg,0.8220000267028809
Maya-Rudolph/069.jpg,0.8220000267028809
Maya-Rudolph/070.jpg,0.8220000267028809
Maya-Rudolph/071.jpg,0.8220000267028809
Maya-Rudolph/072.jpg,0.8220000267028809
Maya-Rudolph/073.jpg,0.8220000267028809
Maya-Rudolph/074.jpg,0.8220000267028809
Maya-Rudolph/075.jpg,0.8220000267028809
Maya-Rudolph/076.jpg,0.8220000267028809
Maya-Rudolph/077.jpg,0.8220000267028809
Maya-Rudolph/078.jpg,0.8220000267028809
Maya-Rudolph/079.jpg,0.8220000267028809
Maya-Rudolph/080.jpg,0.8220000267028809
Morgan-Freeman/001.jpg,0.8220000267028809
Morgan-Freeman/002.jpg,0.8220000267028809
Morgan-Freeman/003.jpg,0.8220000267028809
Morgan-Freeman/004.jpg,0.8220000267028809
Morgan-Freeman/005.jpg,0.8220000267028809
Morgan-Freeman/006.jpg,0.8220000267028809
Morgan-Freeman/007.jpg,0.8220000267028809
Morgan-Freeman/008.jpg,0.8220000267028809
Morgan-Freeman/009.jpg,0.8220000267028809
Morgan-Freeman/010.jpg,0.8220000267028809
Morgan-Freeman/011.jpg,0.8220000267028809
Morgan-Freeman/012.jpg,0.8220000267028809
Morgan-Freeman/013.jpg,0.8220000267028809
Morgan-Freeman/014.jpg,0.8220000267028809
Morgan-Freeman/015.jpg,0.8220000267028809
Morgan-Freeman/016.jpg,0.8220000267028809
Morgan-Freeman/017.jpg,0.8220000267028809
Morgan-Freeman/018.jpg,0.8220000267028809
Morgan-Freeman/019.jpg,0.8220000267028809
Morgan-Freeman/020.jpg,0.8220000267028809
Morgan-Freeman/021.jpg,0.8220000267028809
Morgan-Freeman/022.jpg,0.8220000267028809
Morgan-Freeman/023.jpg,0.8220000267028809
Morgan-Freeman/024.jpg,0.8220000267028809
Morgan-Freeman/025.jpg,0.8220000267028809
Morgan-Freeman/026.jpg,0.8220000267028809
Morgan-Freeman/027.jpg,0.8220000267028809
Morgan-Freeman/028.jpg,0.8220000267028809
Morgan-Freeman/029.jpg,0.8220000267028809
Morgan-Freeman/030.jpg,0.8220000267028809
Morgan-Freeman/031.jpg,0.8220000267028809
Morgan-Freeman/032.jpg,0.8220000267028809
Morgan-Freeman/033.jpg,0.8220000267028809
Morgan-Freeman/034.jpg,0.8220000267028809
Morgan-Freeman/035.jpg,0.8220000267028809
Morgan-Freeman/036.jpg,0.8220000267028809
Morgan-Freeman/037.jpg,0.8220000267028809
Morgan-Freeman/038.jpg,0.8220000267028809
Morgan-Freeman/039.jpg,0.8220000267028809
Morgan-Freeman/040.jpg,0.8220000267028809
Morgan-Freeman/041.jpg,0.8220000267028809
Morgan-Freeman/042.jpg,0.8220000267028809
Morgan-Freeman/043.jpg,0.8220000267028809
Morgan-Freeman/044.jpg,0.8220000267028809
Morgan-Freeman/045.jpg,0.8220000267028809
Morgan-Freeman/046.jpg,0.8220000267028809
Morgan-Freeman/047.jpg,0.8220000267028809
Morgan-Freeman/048.jpg,0.8220000267028809
Morgan-Freeman/049.jpg,0.8220000267028809
Morgan-Freeman/050.jpg,0.8220000267028809
Morgan-Freeman/051.jpg,0.8220000267028809
Morgan-Freeman/052.jpg,0.8220000267028809
Morgan-Freeman/053.jpg,0.8220000267028809
Morgan-Freeman/054.jpg,0.8220000267028809
Morgan-Freeman/055.jpg,0.8220000267028809
Morgan-Freeman/056.jpg,0.8220000267028809
Morgan-Freeman/057.jpg,0.8220000267028809
Morgan-Freeman/058.jpg,0.8220000267028809
Morgan-Freeman/059.jpg,0.8220000267028809
Morgan-Freeman/060.jpg,0.8220000267028809
Morgan-Freeman/061.jpg,0.8220000267028809
Morgan-Freeman/062.jpg,0.8220000267028809
Morgan-Freeman/063.jpg,0.8220000267028809
Morgan-Freeman/064.jpg,0.8220000267028809
Morgan-Freeman/065.jpg,0.8220000267028809
Morgan-Freeman/066.jpg,0.8220000267028809
Morgan-Freeman/067.jpg,0.8220000267028809
Morgan-Freeman/068.jpg,0.8220000267028809
Morgan-Freeman/069.jpg,0.8220000267028809
Morgan-Freeman/070.jpg,0.8220000267028809
Morgan-Freeman/071.jpg,0.8220000267028809
Morgan-Freeman/072.jpg,0.8220000267028809
Morgan-Freeman/073.jpg,0.8220000267028809
Morgan-Freeman/074.jpg,0.8220000267028809
Morgan-Freeman/075.jpg,0.8220000267028809
Morgan-Freeman/076.jpg,0.8220000267028809
Morgan-Freeman/077.jpg,0.8220000267028809
Morgan-Freeman/078.jpg,0.8220000267028809
Morgan-Freeman/079.jpg,0.8220000267028809
Morgan-Freeman/080.jpg,0.8220000267028809
Olivia-Rodrigo/001.jpg,0.8220000267028809
Olivia-Rodrigo/002.jpg,0.8220000267028809
Olivia-Rodrigo/003.jpg,0.8220000267028809
Olivia-Rodrigo/004.jpg,0.8220000267028809
Olivia-Rodrigo/005.jpg,0.8220000267028809
Olivia-Rodrigo/006.jpg,0.8220000267028809
Olivia-Rodrigo/007.jpg,0.8220000267028809
Olivia-Rodrigo/008.jpg,0.8220000267028809
Olivia-Rodrigo/009.jpg,0.8220000267028809
Olivia-Rodrigo/010.jpg,0.8220000267028809
Olivia-Rodrigo/011.jpg,0.8220000267028809
Olivia-Rodrigo/012.jpg,0.8220000267028809
Olivia-Rodrigo/013.jpg,0.8220000267028809
Olivia-Rodrigo/014.jpg,0.8220000267028809
Olivia-Rodrigo/015.jpg,0.8220000267028809
Olivia-Rodrigo/016.jpg,0.8220000267028809
Olivia-Rodrigo/017.jpg,0.8220000267028809
Olivia-Rodrigo/018.jpg,0.8220000267028809
Olivia-Rodrigo/019.jpg,0.8220000267028809
Olivia-Rodrigo/020.jpg,0.8220000267028809
Olivia-Rodrigo/021.jpg,0.8220000267028809
Olivia-Rodrigo/022.jpg,0.8220000267028809
Olivia-Rodrigo/023.jpg,0.8220000267028809
Olivia-Rodrigo/024.jpg,0.8220000267028809
Olivia-Rodrigo/025.jpg,0.8220000267028809
Olivia-Rodrigo/026.jpg,0.8220000267028809
Olivia-Rodrigo/027.jpg,0.8220000267028809
Olivia-Rodrigo/028.jpg,0.8220000267028809
Olivia-Rodrigo/029.jpg,0.8220000267028809
Olivia-Rodrigo/030.jpg,0.8220000267028809
Olivia-Rodrigo/031.jpg,0.8220000267028809
Olivia-Rodrigo/032.jpg,0.8220000267028809
Olivia-Rodrigo/033.jpg,0.8220000267028809
Olivia-Rodrigo/034.jpg,0.8220000267028809
Olivia-Rodrigo/035.jpg,0.8220000267028809
Olivia-Rodrigo/036.jpg,0.8220000267028809
Olivia-Rodrigo/037.jpg,0.8220000267028809
Olivia-Rodrigo/038.jpg,0.8220000267028809
Olivia-Rodrigo/039.jpg,0.8220000267028809
Olivia-Rodrigo/040.jpg,0.8220000267028809
Olivia-Rodrigo/041.jpg,0.8220000267028809
Olivia-Rodrigo/042.jpg,0.8220000267028809
Olivia-Rodrigo/043.jpg,0.8220000267028809
Olivia-Rodrigo/044.jpg,0.8220000267028809
Olivia-Rodrigo/045.jpg,0.8220000267028809
Olivia-Rodrigo/046.jpg,0.8220000267028809
Olivia-Rodrigo/047.jpg,0.8220000267028809
Olivia-Rodrigo/048.jpg,0.8220000267028809
Olivia-Rodrigo/049.jpg,0.8220000267028809
Olivia-Rodrigo/050.jpg,0.8220000267028809
Olivia-Rodrigo/051.jpg,0.8220000267028809
Olivia-Rodrigo/052.jpg,0.8220000267028809
Olivia-Rodrigo/053.jpg,0.8220000267028809
Olivia-Rodrigo/054.jpg,0.8220000267028809
Olivia-Rodrigo/055.jpg,0.8220000267028809
Olivia-Rodrigo/056.jpg,0.8220000267028809
Olivia-Rodrigo/057.jpg,0.8220000267028809
Olivia-Rodrigo/058.jpg,0.8220000267028809
Olivia-Rodrigo/059.jpg,0.8220000267028809
Olivia-Rodrigo/060.jpg,0.8220000267028809
Olivia-Rodrigo/061.jpg,0.8220000267028809
Olivia-Rodrigo/062.jpg,0.8220000267028809
Olivia-Rodrigo/063.jpg,0.8220000267028809
Olivia-Rodrigo/064.jpg,0.8220000267028809
Olivia-Rodrigo/065.jpg,0.8220000267028809
Olivia-Rodrigo/066.jpg,0.8220000267028809
Olivia-Rodrigo/067.jpg,0.8220000267028809
Olivia-Rodrigo/068.jpg,0.8220000267028809
Olivia-Rodrigo/069.jpg,0.8220000267028809
Olivia-Rodrigo/070.jpg,0.8220000267028809
Olivia-Rodrigo/071.jpg,0.8220000267028809
Olivia-Rodrigo/072.jpg,0.8220000267028809
Olivia-Rodrigo/073.jpg,0.8220000267028809
Olivia-Rodrigo/074.jpg,0.8220000267028809
Olivia-Rodrigo/075.jpg,0.8220000267028809
Olivia-Rodrigo/076.jpg,0.8220000267028809
Olivia-Rodrigo/077.jpg,0.8220000267028809
Olivia-Rodrigo/078.jpg,0.8220000267028809
Olivia-Rodrigo/079.jpg,0.8220000267028809
Olivia-Rodrigo/080.jpg,0.8220000267028809
Pedro-Pascal/001.jpg,0.8220000267028809
Pedro-Pascal/002.jpg,0.8220000267028809
Pedro-Pascal/003.jpg,0.8220000267028809
Pedro-Pascal/004.jpg,0.8220000267028809
Pedro-Pascal/005.jpg,0.8220000267028809
Pedro-Pascal/006.jpg,0.8220000267028809
Pedro-Pascal/007.jpg,0.8220000267028809
Pedro-Pascal/008.jpg,0.8220000267028809
Pedro-Pascal/009.jpg,0.8220000267028809
Pedro-Pascal/010.jpg,0.8220000267028809
Pedro-Pascal/011.jpg,0.8220000267028809
Pedro-Pascal/012.jpg,0.8220000267028809
Pedro-Pascal/013.jpg,0.8220000267028809
Pedro-Pascal/014.jpg,0.8220000267028809
Pedro-Pascal/015.jpg,0.8220000267028809
Pedro-Pascal/016.jpg,0.8220000267028809
Pedro-Pascal/017.jpg,0.8220000267028809
Pedro-Pascal/018.jpg,0.8220000267028809
Pedro-Pascal/019.jpg,0.8220000267028809
Pedro-Pascal/020.jpg,0.8220000267028809
Pedro-Pascal/021.jpg,0.8220000267028809
Pedro-Pascal/022.jpg,0.8220000267028809
Pedro-Pascal/023.jpg,0.8220000267028809
Pedro-Pascal/024.jpg,0.8220000267028809
Pedro-Pascal/025.jpg,0.8220000267028809
Pedro-Pascal/026.jpg,0.8220000267028809
Pedro-Pascal/027.jpg,0.8220000267028809
Pedro-Pascal/028.jpg,0.8220000267028809
Pedro-Pascal/029.jpg,0.8220000267028809
Pedro-Pascal/030.jpg,0.8220000267028809
Pedro-Pascal/031.jpg,0.8220000267028809
Pedro-Pascal/032.jpg,0.8220000267028809
Pedro-Pascal/033.jpg,0.8220000267028809
Pedro-Pascal/034.jpg,0.8220000267028809
Pedro-Pascal/035.jpg,0.8220000267028809
Pedro-Pascal/036.jpg,0.8220000267028809
Pedro-Pascal/037.jpg,0.8220000267028809
Pedro-Pascal/038.jpg,0.8220000267028809
Pedro-Pascal/039.jpg,0.8220000267028809
Pedro-Pascal/040.jpg,0.8220000267028809
Pedro-Pascal/041.jpg,0.8220000267028809
Pedro-Pascal/042.jpg,0.8220000267028809
Pedro-Pascal/043.jpg,0.8220000267028809
Pedro-Pascal/044.jpg,0.8220000267028809
Pedro-Pascal/045.jpg,0.8220000267028809
Pedro-Pascal/046.jpg,0.8220000267028809
Pedro-Pascal/047.jpg,0.8220000267028809
Pedro-Pascal/048.jpg,0.8220000267028809
Pedro-Pascal/049.jpg,0.8220000267028809
Pedro-Pascal/050.jpg,0.8220000267028809
Pedro-Pascal/051.jpg,0.8220000267028809
Pedro-Pascal/052.jpg,0.8220000267028809
Pedro-Pascal/053.jpg,0.8220000267028809
Pedro-Pascal/054.jpg,0.8220000267028809
Pedro-Pascal/055.jpg,0.8220000267028809
Pedro-Pascal/056.jpg,0.8220000267028809
Pedro-Pascal/057.jpg,0.8220000267028809
Pedro-Pascal/058.jpg,0.8220000267028809
Pedro-Pascal/059.jpg,0.8220000267028809
Pedro-Pascal/060.jpg,0.8220000267028809
Pedro-Pascal/061.jpg,0.8220000267028809
Pedro-Pascal/062.jpg,0.8220000267028809
Pedro-Pascal/063.jpg,0.8220000267028809
Pedro-Pascal/064.jpg,0.8220000267028809
Pedro-Pascal/065.jpg,0.8220000267028809
Pedro-Pascal/066.jpg,0.8220000267028809
Pedro-Pascal/067.jpg,0.8220000267028809
Pedro-Pascal/068.jpg,0.8220000267028809
Pedro-Pascal/069.jpg,0.8220000267028809
Pedro-Pascal/070.jpg,0.8220000267028809
Pedro-Pascal/071.jpg,0.8220000267028809
Pedro-Pascal/072.jpg,0.8220000267028809
Pedro-Pascal/073.jpg,0.8220000267028809
Pedro-Pascal/074.jpg,0.8220000267028809
Pedro-Pascal/075.jpg,0.8220000267028809
Pedro-Pascal/076.jpg,0.8220000267028809
Pedro-Pascal/077.jpg,0.8220000267028809
Pedro-Pascal/078.jpg,0.8220000267028809
Pedro-Pascal/079.jpg,0.8220000267028809
Pedro-Pascal/080.jpg,0.8220000267028809
Priyanka-Chopra/001.jpg,0.8220000267028809
Priyanka-Chopra/002.jpg,0.8220000267028809
Priyanka-Chopra/003.jpg,0.8220000267028809
Priyanka-Chopra/004.jpg,0.8220000267028809
Priyanka-Chopra/005.jpg,0.8220000267028809
Priyanka-Chopra/006.jpg,0.8220000267028809
Priyanka-Chopra/007.jpg,0.8220000267028809
Priyanka-Chopra/008.jpg,0.8220000267028809
Priyanka-Chopra/009.jpg,0.8220000267028809
Priyanka-Chopra/010.jpg,0.8220000267028809
Priyanka-Chopra/011.jpg,0.8220000267028809
Priyanka-Chopra/012.jpg,0.8220000267028809
Priyanka-Chopra/013.jpg,0.8220000267028809
Priyanka-Chopra/014.jpg,0.8220000267028809
Priyanka-Chopra/015.jpg,0.8220000267028809
Priyanka-Chopra/016.jpg,0.8220000267028809
Priyanka-Chopra/017.jpg,0.8220000267028809
Priyanka-Chopra/018.jpg,0.8220000267028809
Priyanka-Chopra/019.jpg,0.8220000267028809
Priyanka-Chopra/020.jpg,0.8220000267028809
Priyanka-Chopra/021.jpg,0.8220000267028809
Priyanka-Chopra/022.jpg,0.8220000267028809
Priyanka-Chopra/023.jpg,0.8220000267028809
Priyanka-Chopra/024.jpg,0.8220000267028809
Priyanka-Chopra/025.jpg,0.8220000267028809
Priyanka-Chopra/026.jpg,0.8220000267028809
Priyanka-Chopra/027.jpg,0.8220000267028809
Priyanka-Chopra/028.jpg,0.8220000267028809
Priyanka-Chopra/029.jpg,0.8220000267028809
Priyanka-Chopra/030.jpg,0.8220000267028809
Priyanka-Chopra/031.jpg,0.8220000267028809
Priyanka-Chopra/032.jpg,0.8220000267028809
Priyanka-Chopra/033.jpg,0.8220000267028809
Priyanka-Chopra/034.jpg,0.8220000267028809
Priyanka-Chopra/035.jpg,0.8220000267028809
Priyanka-Chopra/036.jpg,0.8220000267028809
Priyanka-Chopra/037.jpg,0.8220000267028809
Priyanka-Chopra/038.jpg,0.8220000267028809
Priyanka-Chopra/039.jpg,0.8220000267028809
Priyanka-Chopra/040.jpg,0.8220000267028809
Priyanka-Chopra/041.jpg,0.8220000267028809
Priyanka-Chopra/042.jpg,0.8220000267028809
Priyanka-Chopra/043.jpg,0.8220000267028809
Priyanka-Chopra/044.jpg,0.8220000267028809
Priyanka-Chopra/045.jpg,0.8220000267028809
Priyanka-Chopra/046.jpg,0.8220000267028809
Priyanka-Chopra/047.jpg,0.8220000267028809
Priyanka-Chopra/048.jpg,0.8220000267028809
Priyanka-Chopra/049.jpg,0.8220000267028809
Priyanka-Chopra/050.jpg,0.8220000267028809
Priyanka-Chopra/051.jpg,0.8220000267028809
Priyanka-Chopra/052.jpg,0.8220000267028809
Priyanka-Chopra/053.jpg,0.8220000267028809
Priyanka-Chopra/054.jpg,0.8220000267028809
Priyanka-Chopra/055.jpg,0.8220000267028809
Priyanka-Chopra/056.jpg,0.8220000267028809
Priyanka-Chopra/057.jpg,0.8220000267028809
Priyanka-Chopra/058.jpg,0.8220000267028809
Priyanka-Chopra/059.jpg,0.8220000267028809
Priyanka-Chopra/060.jpg,0.8220000267028809
Priyanka-Chopra/061.jpg,0.8220000267028809
Priyanka-Chopra/062.jpg,0.8220000267028809
Priyanka-Chopra/063.jpg,0.8220000267028809
Priyanka-Chopra/064.jpg,0.8220000267028809
Priyanka-Chopra/065.jpg,0.8220000267028809
Priyanka-Chopra/066.jpg,0.8220000267028809
Priyanka-Chopra/067.jpg,0.8220000267028809
Priyanka-Chopra/068.jpg,0.8220000267028809
Priyanka-Chopra/069.jpg,0.8220000267028809
Priyanka-Chopra/070.jpg,0.8220000267028809
Priyanka-Chopra/071.jpg,0.8220000267028809
Priyanka-Chopra/072.jpg,0.8220000267028809
Priyanka-Chopra/073.jpg,0.8220000267028809
Priyanka-Chopra/074.jpg,0.8220000267028809
Priyanka-Chopra/075.jpg,0.8220000267028809
Priyanka-Chopra/076.jpg,0.8220000267028809
Priyanka-Chopra/077.jpg,0.8220000267028809
Priyanka-Chopra/078.jpg,0.8220000267028809
Priyanka-Chopra/079.jpg,0.8220000267028809
Priyanka-Chopra/080.jpg,0.8220000267028809
Ryan-Gosling/001.jpg,0.8220000267028809
Ryan-Gosling/002.jpg,0.8220000267028809
Ryan-Gosling/003.jpg,0.8220000267028809
Ryan-Gosling/004.jpg,0.8220000267028809
Ryan-Gosling/005.jpg,0.8220000267028809
Ryan-Gosling/006.jpg,0.8220000267028809
Ryan-Gosling/007.jpg,0.8220000267028809
Ryan-Gosling/008.jpg,0.8220000267028809
Ryan-Gosling/009.jpg,0.8220000267028809
Ryan-Gosling/010.jpg,0.8220000267028809
Ryan-Gosling/011.jpg,0.8220000267028809
Ryan-Gosling/012.jpg,0.8220000267028809
Ryan-Gosling/013.jpg,0.8220000267028809
Ryan-Gosling/014.jpg,0.8220000267028809
Ryan-Gosling/015.jpg,0.8220000267028809
Ryan-Gosling/016.jpg,0.8220000267028809
Ryan-Gosling/017.jpg,0.8220000267028809
Ryan-Gosling/018.jpg,0.8220000267028809
Ryan-Gosling/019.jpg,0.8220000267028809
Ryan-Gosling/020.jpg,0.8220000267028809
Ryan-Gosling/021.jpg,0.8220000267028809
Ryan-Gosling/022.jpg,0.8220000267028809
Ryan-Gosling/023.jpg,0.8220000267028809
Ryan-Gosling/024.jpg,0.8220000267028809
Ryan-Gosling/025.jpg,0.8220000267028809
Ryan-Gosling/026.jpg,0.8220000267028809
Ryan-Gosling/027.jpg,0.8220000267028809
Ryan-Gosling/028.jpg,0.8220000267028809
Ryan-Gosling/029.jpg,0.8220000267028809
Ryan-Gosling/030.jpg,0.8220000267028809
Ryan-Gosling/031.jpg,0.8220000267028809
Ryan-Gosling/032.jpg,0.8220000267028809
Ryan-Gosling/033.jpg,0.8220000267028809
Ryan-Gosling/034.jpg,0.8220000267028809
Ryan-Gosling/035.jpg,0.8220000267028809
Ryan-Gosling/036.jpg,0.8220000267028809
Ryan-Gosling/037.jpg,0.8220000267028809
Ryan-Gosling/038.jpg,0.8220000267028809
Ryan-Gosling/039.jpg,0.8220000267028809
Ryan-Gosling/040.jpg,0.8220000267028809
Ryan-Gosling/041.jpg,0.8220000267028809
Ryan-Gosling/042.jpg,0.8220000267028809
Ryan-Gosling/043.jpg,0.8220000267028809
Ryan-Gosling/044.jpg,0.8220000267028809
Ryan-Gosling/045.jpg,0.8220000267028809
Ryan-Gosling/046.jpg,0.8220000267028809
Ryan-Gosling/047.jpg,0.8220000267028809
Ryan-Gosling/048.jpg,0.8220000267028809
Ryan-Gosling/049.jpg,0.8220000267028809
Ryan-Gosling/050.jpg,0.8220000267028809
Ryan-Gosling/051.jpg,0.8220000267028809
Ryan-Gosling/052.jpg,0.8220000267028809
Ryan-Gosling/053.jpg,0.8220000267028809
Ryan-Gosling/054.jpg,0.8220000267028809
Ryan-Gosling/055.jpg,0.8220000267028809
Ryan-Gosling/056.jpg,0.8220000267028809
Ryan-Gosling/057.jpg,0.8220000267028809
Ryan-Gosling/058.jpg,0.8220000267028809
Ryan-Gosling/059.jpg,0.8220000267028809
Ryan-Gosling/060.jpg,0.8220000267028809
Ryan-Gosling/061.jpg,0.8220000267028809
Ryan-Gosling/062.jpg,0.8220000267028809
Ryan-Gosling/063.jpg,0.8220000267028809
Ryan-Gosling/064.jpg,0.8220000267028809
Ryan-Gosling/065.jpg,0.8220000267028809
Ryan-Gosling/066.jpg,0.8220000267028809
Ryan-Gosling/067.jpg,0.8220000267028809
Ryan-Gosling/068.jpg,0.8220000267028809
Ryan-Gosling/069.jpg,0.8220000267028809
Ryan-Gosling/070.jpg,0.8220000267028809
Ryan-Gosling/071.jpg,0.8220000267028809
Ryan-Gosling/072.jpg,0.8220000267028809
Ryan-Gosling/073.jpg,0.8220000267028809
Ryan-Gosling/074.jpg,0.8220000267028809
Ryan-Gosling/075.jpg,0.8220000267028809
Ryan-Gosling/076.jpg,0.8220000267028809
Ryan-Gosling/077.jpg,0.8220000267028809
Ryan-Gosling/078.jpg,0.8220000267028809
Ryan-Gosling/079.jpg,0.8220000267028809
Ryan-Gosling/080.jpg,0.8220000267028809
SZA/001.jpg,0.8220000267028809
SZA/002.jpg,0.8220000267028809
SZA/003.jpg,0.8220000267028809
SZA/004.jpg,0.8220000267028809
SZA/005.jpg,0.8220000267028809
SZA/006.jpg,0.8220000267028809
SZA/007.jpg,0.8220000267028809
SZA/008.jpg,0.8220000267028809
SZA/009.jpg,0.8220000267028809
SZA/010.jpg,0.8220000267028809
SZA/011.jpg,0.8220000267028809
SZA/012.jpg,0.8220000267028809
SZA/013.jpg,0.8220000267028809
SZA/014.jpg,0.8220000267028809
SZA/015.jpg,0.8220000267028809
SZA/016.jpg,0.8220000267028809
SZA/017.jpg,0.8220000267028809
SZA/018.jpg,0.8220000267028809
SZA/019.jpg,0.8220000267028809
SZA/020.jpg,0.8220000267028809
SZA/021.jpg,0.8220000267028809
SZA/022.jpg,0.8220000267028809
SZA/023.jpg,0.8220000267028809
SZA/024.jpg,0.8220000267028809
SZA/025.jpg,0.8220000267028809
SZA/026.jpg,0.8220000267028809
SZA/027.jpg,0.8220000267028809
SZA/028.jpg,0.8220000267028809
SZA/029.jpg,0.8220000267028809
SZA/030.jpg,0.8220000267028809
SZA/031.jpg,0.8220000267028809
SZA/032.jpg,0.8220000267028809
SZA/033.jpg,0.8220000267028809
SZA/034.jpg,0.8220000267028809
SZA/035.jpg,0.8220000267028809
SZA/036.jpg,0.8220000267028809
SZA/037.jpg,0.8220000267028809
SZA/038.jpg,0.8220000267028809
SZA/039.jpg,0.8220000267028809
SZA/040.jpg,0.8220000267028809
SZA/041.jpg,0.8220000267028809
SZA/042.jpg,0.8220000267028809
SZA/043.jpg,0.8220000267028809
SZA/044.jpg,0.8220000267028809
SZA/045.jpg,0.8220000267028809
SZA/046.jpg,0.8220000267028809
SZA/047.jpg,0.8220000267028809
SZA/048.jpg,0.8220000267028809
SZA/049.jpg,0.8220000267028809
SZA/050.jpg,0.8220000267028809
SZA/051.jpg,0.8220000267028809
SZA/052.jpg,0.8220000267028809
SZA/053.jpg,0.8220000267028809
SZA/054.jpg,0.8220000267028809
SZA/055.jpg,0.8220000267028809
SZA/056.jpg,0.8220000267028809
SZA/057.jpg,0.8220000267028809
SZA/058.jpg,0.8220000267028809
SZA/059.jpg,0.8220000267028809
SZA/060.jpg,0.8220000267028809
SZA/061.jpg,0.8220000267028809
SZA/062.jpg,0.8220000267028809
SZA/063.jpg,0.8220000267028809
SZA/064.jpg,0.8220000267028809
SZA/065.jpg,0.8220000267028809
SZA/066.jpg,0.8220000267028809
SZA/067.jpg,0.8220000267028809
SZA/068.jpg,0.8220000267028809
SZA/069.jpg,0.8220000267028809
SZA/070.jpg,0.8220000267028809
SZA/071.jpg,0.8220000267028809
SZA/072.jpg,0.8220000267028809
SZA/073.jpg,0.8220000267028809
SZA/074.jpg,0.8220000267028809
SZA/075.jpg,0.8220000267028809
SZA/076.jpg,0.8220000267028809
SZA/077.jpg,0.8220000267028809
SZA/078.jpg,0.8220000267028809
SZA/079.jpg,0.8220000267028809
SZA/080.jpg,0.8220000267028809
Salma-Hayek/001.jpg,0.8220000267028809
Salma-Hayek/002.jpg,0.8220000267028809
Salma-Hayek/003.jpg,0.8220000267028809
Salma-Hayek/004.jpg,0.8220000267028809
Salma-Hayek/005.jpg,0.8220000267028809
Salma-Hayek/006.jpg,0.8220000267028809
Salma-Hayek/007.jpg,0.8220000267028809
Salma-Hayek/008.jpg,0.8220000267028809
Salma-Hayek/009.jpg,0.8220000267028809
Salma-Hayek/010.jpg,0.8220000267028809
Salma-Hayek/011.jpg,0.8220000267028809
Salma-Hayek/012.jpg,0.8220000267028809
Salma-Hayek/013.jpg,0.8220000267028809
Salma-Hayek/014.jpg,0.8220000267028809
Salma-Hayek/015.jpg,0.8220000267028809
Salma-Hayek/016.jpg,0.8220000267028809
Salma-Hayek/017.jpg,0.8220000267028809
Salma-Hayek/018.jpg,0.8220000267028809
Salma-Hayek/019.jpg,0.8220000267028809
Salma-Hayek/020.jpg,0.8220000267028809
Salma-Hayek/021.jpg,0.8220000267028809
Salma-Hayek/022.jpg,0.8220000267028809
Salma-Hayek/023.jpg,0.8220000267028809
Salma-Hayek/024.jpg,0.8220000267028809
Salma-Hayek/025.jpg,0.8220000267028809
Salma-Hayek/026.jpg,0.8220000267028809
Salma-Hayek/027.jpg,0.8220000267028809
Salma-Hayek/028.jpg,0.8220000267028809
Salma-Hayek/029.jpg,0.8220000267028809
Salma-Hayek/030.jpg,0.8220000267028809
Salma-Hayek/031.jpg,0.8220000267028809
Salma-Hayek/032.jpg,0.8220000267028809
Salma-Hayek/033.jpg,0.8220000267028809
Salma-Hayek/034.jpg,0.8220000267028809
Salma-Hayek/035.jpg,0.8220000267028809
Salma-Hayek/036.jpg,0.8220000267028809
Salma-Hayek/037.jpg,0.8220000267028809
Salma-Hayek/038.jpg,0.8220000267028809
Salma-Hayek/039.jpg,0.8220000267028809
Salma-Hayek/040.jpg,0.8220000267028809
Salma-Hayek/041.jpg,0.8220000267028809
Salma-Hayek/042.jpg,0.8220000267028809
Salma-Hayek/043.jpg,0.8220000267028809
Salma-Hayek/044.jpg,0.8220000267028809
Salma-Hayek/045.jpg,0.8220000267028809
Salma-Hayek/046.jpg,0.8220000267028809
Salma-Hayek/047.jpg,0.8220000267028809
Salma-Hayek/048.jpg,0.8220000267028809
Salma-Hayek/049.jpg,0.8220000267028809
Salma-Hayek/050.jpg,0.8220000267028809
Salma-Hayek/051.jpg,0.8220000267028809
Salma-Hayek/052.jpg,0.8220000267028809
Salma-Hayek/053.jpg,0.8220000267028809
Salma-Hayek/054.jpg,0.8220000267028809
Salma-Hayek/055.jpg,0.8220000267028809
Salma-Hayek/056.jpg,0.8220000267028809
Salma-Hayek/057.jpg,0.8220000267028809
Salma-Hayek/058.jpg,0.8220000267028809
Salma-Hayek/059.jpg,0.8220000267028809
Salma-Hayek/060.jpg,0.8220000267028809
Salma-Hayek/061.jpg,0.8220000267028809
Salma-Hayek/062.jpg,0.8220000267028809
Salma-Hayek/063.jpg,0.8220000267028809
Salma-Hayek/064.jpg,0.8220000267028809
Salma-Hayek/065.jpg,0.8220000267028809
Salma-Hayek/066.jpg,0.8220000267028809
Salma-Hayek/067.jpg,0.8220000267028809
Salma-Hayek/068.jpg,0.8220000267028809
Salma-Hayek/069.jpg,0.8220000267028809
Salma-Hayek/070.jpg,0.8220000267028809
Salma-Hayek/071.jpg,0.8220000267028809
Salma-Hayek/072.jpg,0.8220000267028809
Salma-Hayek/073.jpg,0.8220000267028809
Salma-Hayek/074.jpg,0.8220000267028809
Salma-Hayek/075.jpg,0.8220000267028809
Salma-Hayek/076.jpg,0.8220000267028809
Salma-Hayek/077.jpg,0.8220000267028809
Salma-Hayek/078.jpg,0.8220000267028809
Salma-Hayek/079.jpg,0.8220000267028809
Salma-Hayek/080.jpg,0.8220000267028809
Will-Smith/001.jpg,0.8220000267028809
Will-Smith/002.jpg,0.8220000267028809
Will-Smith/003.jpg,0.8220000267028809
Will-Smith/004.jpg,0.8220000267028809
Will-Smith/005.jpg,0.8220000267028809
Will-Smith/006.jpg,0.8220000267028809
Will-Smith/007.jpg,0.8220000267028809
Will-Smith/008.jpg,0.8220000267028809
Will-Smith/009.jpg,0.8220000267028809
Will-Smith/010.jpg,0.8220000267028809
Will-Smith/011.jpg,0.8220000267028809
Will-Smith/012.jpg,0.8220000267028809
Will-Smith/013.jpg,0.8220000267028809
Will-Smith/014.jpg,0.8220000267028809
Will-Smith/015.jpg,0.8220000267028809
Will-Smith/016.jpg,0.8220000267028809
Will-Smith/017.jpg,0.8220000267028809
Will-Smith/018.jpg,0.8220000267028809
Will-Smith/019.jpg,0.8220000267028809
Will-Smith/020.jpg,0.8220000267028809
Will-Smith/021.jpg,0.8220000267028809
Will-Smith/022.jpg,0.8220000267028809
Will-Smith/023.jpg,0.8220000267028809
Will-Smith/024.jpg,0.8220000267028809
Will-Smith/025.jpg,0.8220000267028809
Will-Smith/026.jpg,0.8220000267028809
Will-Smith/027.jpg,0.8220000267028809
Will-Smith/028.jpg,0.8220000267028809
Will-Smith/029.jpg,0.8220000267028809
Will-Smith/030.jpg,0.8220000267028809
Will-Smith/031.jpg,0.8220000267028809
Will-Smith/032.jpg,0.8220000267028809
Will-Smith/033.jpg,0.8220000267028809
Will-Smith/034.jpg,0.8220000267028809
Will-Smith/035.jpg,0.8220000267028809
Will-Smith/036.jpg,0.8220000267028809
Will-Smith/037.jpg,0.8220000267028809
Will-Smith/038.jpg,0.8220000267028809
Will-Smith/039.jpg,0.8220000267028809
Will-Smith/040.jpg,0.8220000267028809
Will-Smith/041.jpg,0.8220000267028809
Will-Smith/042.jpg,0.8220000267028809
Will-Smith/043.jpg,0.8220000267028809
Will-Smith/044.jpg,0.8220000267028809
Will-Smith/045.jpg,0.8220000267028809
Will-Smith/046.jpg,0.8220000267028809
Will-Smith/047.jpg,0.8220000267028809
Will-Smith/048.jpg,0.8220000267028809
Will-Smith/049.jpg,0.8220000267028809
Will-Smith/050.jpg,0.8220000267028809
Will-Smith/051.jpg,0.8220000267028809
Will-Smith/052.jpg,0.8220000267028809
Will-Smith/053.jpg,0.8220000267028809
Will-Smith/054.jpg,0.8220000267028809
Will-Smith/055.jpg,0.8220000267028809
Will-Smith/056.jpg,0.8220000267028809
Will-Smith/057.jpg,0.8220000267028809
Will-Smith/058.jpg,0.8220000267028809
Will-Smith/059.jpg,0.8220000267028809
Will-Smith/060.jpg,0.8220000267028809
Will-Smith/061.jpg,0.8220000267028809
Will-Smith/062.jpg,0.8220000267028809
Will-Smith/063.jpg,0.8220000267028809
Will-Smith/064.jpg,0.8220000267028809
Will-Smith/065.jpg,0.8220000267028809
Will-Smith/066.jpg,0.8220000267028809
Will-Smith/067.jpg,0.8220000267028809
Will-Smith/068.jpg,0.8220000267028809
Will-Smith/069.jpg,0.8220000267028809
Will-Smith/070.jpg,0.8220000267028809
Will-Smith/071.jpg,0.8220000267028809
Will-Smith/072.jpg,0.8220000267028809
Will-Smith/073.jpg,0.8220000267028809
Will-Smith/074.jpg,0.8220000267028809
Will-Smith/075.jpg,0.8220000267028809
Will-Smith/076.jpg,0.8220000267028809
Will-Smith/077.jpg,0.8220000267028809
Will-Smith/078.jpg,0.8220000267028809
Will-Smith/079.jpg,0.8220000267028809
Will-Smith/080.jpg,0.8220000267028809
